loan_id,Default,Kwota_Kredytu,Dlugosc_Kredytu,Rata_Kredytu,Wiek,Plec,Bezrobocie,Przestepczosc,Srednia_Pensja,Urbanizacja,Staz_Klienta,Czestosc_Wyciagu,Posiada_Karte,Posiada_Karte_Gold,Liczba_Zlecen,Suma_Zlecen,Oplaca_Ubezpieczenie,Oplaca_Mieszkanie,Srednie_Saldo,Min_Saldo,Max_Saldo,Odchylenie_Salda,Suma_Wplywow,Suma_Wydatkow,Liczba_Transakcji,Liczba_Kar,Srednie_Saldo_3M,Min_Saldo_3M,Wplywy_3M,Wskaznik_DTI,Wskaznik_Oszczedzania
4959,0,80952,24,3373,48.514715948,0,0.29,85677,12541,1204953,10.296052632,1,0,0,2,10638.7,0,1,32590.624074,1100,67529.6,12061.705682,228685.3,153017.6,54,0,30317.131579,16858.9,71204.4,0.1421060171,0.6691201003
4961,1,30276,12,2523,56.829568789,1,1.51,2299,9104,103347,12.763157895,1,0,0,1,2523.2,0,0,25197.0925,715,58157.5,15039.248405,242179.2,198016.8,80,0,15123.228571,715,53573.5,0.141274626,0.8176465293
4962,0,30276,12,2523,35.438740589,0,4.09,5623,9893,228848,16.381578947,1,0,0,4,10614.2,1,1,62991.264634,900,119652.7,22476.34798,1009153.3,910688.4,164,0,68836.628571,31621.9,161258.6,0.0469361584,0.9024283006
4967,1,318480,60,5308,46.286105407,0,2.65,1563,8547,70646,13.881578947,1,0,0,4,10305.5,1,1,39953.97069,-1011.2,104761.5,23451.64718,447359.9,389337,116,1,20759.711111,-1011.2,90958.1,0.175063846,0.8702995724
4968,0,110736,48,2307,57.798767967,1,3.13,999,8402,51428,8.3552631579,0,0,0,4,9666.8,1,1,31383.449091,13841,55991.1,10950.811533,148403.7,105091,55,0,26212.342308,15670.6,49770.6,0.1390496167,0.7081446881
4973,0,165960,24,6915,51.835728953,1,1.12,1874,8427,93931,18.453947368,1,0,0,3,13753,0,1,52523.2448,700,107069.6,20955.646998,813241.8,750536.4,125,0,41550.152,22495.2,124930.3,0.1660486035,0.922894614
4986,0,102876,12,8573,55.110198494,0,4.75,18782,10673,323870,15.197368421,1,1,0,5,12438,1,1,33057.374576,900,60334.7,12670.953546,306055.9,265539.6,118,0,37618.253571,27185.8,65790.2,0.390906659,0.8676184069
4988,1,265320,36,7370,30.43394935,0,2.79,2166,8254,105606,20.921052632,1,0,0,1,7370.2,0,0,46266.574699,379,116038.4,28827.091844,368306.7,246535.3,83,4,15316.033333,379,52550.6,0.4207133289,0.669375905
4989,0,352704,48,7348,48.429842574,1,1.51,2299,9104,103347,16.875,1,1,0,1,7348,0,0,30797.4875,800,74693.6,16415.401618,255396.6,221202.2,56,0,25001.107692,20818.3,26993.3,0.8165563429,0.8661130723
4990,0,162576,36,4516,44.188911704,0,3.33,5796,9198,159617,13.75,1,1,0,3,7664,0,1,46148.297619,900,79652.2,12673.331276,331885.2,276345.4,84,0,46407.354545,31067,82644.4,0.1639253019,0.8326540844
4996,0,88440,12,7370,51.351129363,1,6.49,6949,9317,128118,5.8881578947,0,1,0,1,7370.2,0,0,62778.090323,200,103239,21638.25887,269640.8,175400,31,0,58414.616667,35900.5,105940.2,0.2086967356,0.6504963251
5002,0,104808,12,8734,54.915811088,0,3.51,2247,8512,125832,6.1184210526,1,0,0,5,17342,1,1,38709.83,500,57865.3,11517.175248,113646,85630.6,30,0,42186.01,28015.4,52271.4,0.5012396125,0.7534875536
5005,0,27456,12,2288,29.776865161,0,5.93,4980,8678,161227,7.9276315789,0,0,0,4,6985.3,1,1,48780.096,800,111282.3,24959.844823,460652,388265,75,0,52802.176316,21468.4,243958.5,0.028135587,0.842860027
5015,0,109344,12,9112,54.028747433,1,6.63,9878,10177,285387,16.578947368,1,1,0,2,18040,0,1,48376.258065,1000,80433.2,12283.907153,382156.5,315499.2,93,0,58076.064706,40113.8,69472.6,0.3934618773,0.8255763658
5027,0,160920,36,4470,27.422313484,0,7.08,2653,8965,85852,11.809210526,1,1,0,2,9682.5,0,1,51649.398305,700,74906,16029.138294,352218.8,287300.8,59,0,43198.233333,25428.1,81077.2,0.1653917973,0.8156889533
5032,0,123696,48,2577,54.340862423,0,4.69,2854,8772,124605,11.052631579,1,0,0,3,8504,0,1,49084.381967,300,89822.2,20572.45753,285666.8,210149.6,61,0,38545.635,22488.1,51597.2,0.1498250007,0.7356467897
5034,0,112752,36,3132,41.911019849,1,5.93,4980,8678,161227,22.171052632,1,1,0,2,6935,0,1,44659.649612,900,68401.9,11387.127112,384719,335802.2,129,0,51869.877778,42773.9,46633.4,0.2014735271,0.8728509046
5036,0,91248,48,1901,25.401779603,1,1.42,6604,10045,177686,19.046052632,1,0,0,1,1901,0,0,30173.124242,900,59725.7,10956.883406,399411.2,384544.4,99,0,25381.553333,14815.7,57788,0.098683186,0.9627783027
5039,0,66840,24,2785,57.839835729,1,3.13,1845,9045,58796,15.230263158,0,0,0,2,16476,0,1,38819.320213,700,109016.3,18712.608853,600842.5,504601,94,0,42351.283333,22597.9,111173.5,0.0751507738,0.8398226826
5041,0,369000,60,6150,23.028062971,1,1.51,6079,9538,162580,20.822368421,0,0,0,4,9818.5,1,1,48648.40117,700,110827.3,19732.115098,547477.7,459228,171,0,64688.446154,40907.3,78757.4,0.2342547778,0.8388070623
5042,0,331584,48,6908,25.029431896,1,2.41,1658,8388,95907,19.572368421,1,0,0,1,6908,0,0,42007.366337,400,73943,13202.104147,496133.9,440639,101,0,46858.938889,35215,78938.5,0.2625235142,0.8881455427
5043,0,468060,60,7801,50.485968515,1,1.79,2854,8369,112709,15.460526316,0,1,0,3,11936.2,0,1,59623.216071,400,127425.3,25407.637816,823643.5,619715,112,0,67141.048,39124.6,164643,0.1421413214,0.7524071368
5044,0,100980,60,1683,29.472963723,0,1.6,18721,9897,387570,12.664473684,1,0,0,2,6422,0,1,35614.744286,600,53376.7,9576.3277169,207705.6,160567.8,70,0,38015.089474,30921.8,49276.8,0.102455773,0.7730558393
5045,1,187224,24,7801,47.832991102,0,0.29,85677,12541,1204953,16.578947368,1,0,0,1,7801.2,0,0,42084.311364,-243.3,92571.3,22038.481589,502143.6,361475.4,88,1,33400.288889,5133.8,64690,0.3617547494,0.7198651544
5046,0,42816,12,3568,61.190965092,0,3.8,9672,8994,226122,15.065789474,1,0,0,2,8228,0,1,17076.756471,1100,31616.5,5320.7314298,145597.1,126900.6,85,0,16712.127778,11351.5,25378.9,0.4217178383,0.8715882968
5051,0,230400,60,3840,36.27926078,0,4.09,5623,9893,228848,14.671052632,1,0,0,5,13567.2,1,1,79500.538095,20574,145352.1,22324.05166,1082326.7,991259.4,168,0,61550.992308,45912.7,80420.3,0.1432420704,0.9158597715
5060,1,252060,60,4201,29.048596851,1,3.45,1879,8441,110643,7.6315789474,1,0,0,3,12584.2,0,1,57340.508197,900,106259.6,21418.913856,389614.5,255188,61,0,58548.270968,28523.5,170479.4,0.0739255196,0.6549765089
5061,0,84288,48,1756,40.698151951,1,2.82,818,8843,45714,14.671052632,1,0,0,2,7581,0,1,25727.382353,500,50218.4,8961.6463331,272322.3,232796,85,0,25400.492308,9311.6,52420.8,0.1004887093,0.8548552401
5063,1,357840,48,7455,56.024640657,1,1.6,18721,9897,387570,3.3552631579,1,0,0,3,15129,0,1,5350,600,10100,6717.5144213,10100,0,2,0,10100,10100,9500,2.3534673261,0.0000990001
5072,1,196800,24,8200,36.824093087,1,1.25,5179,11277,112065,6.5460526316,1,0,0,1,8200.2,0,0,58669.504348,300,113888,28112.217725,321080.8,282914.6,23,0,62611.823077,36988,148285.1,0.1658932848,0.8811324715
5082,0,262980,60,4383,30.316221766,1,2.77,1597,8598,53921,12.138157895,1,0,0,1,4382.7,0,0,41729.616071,900,78574.3,16330.173222,242727.4,166646,56,0,38590.506667,24213.6,60873,0.2159964518,0.6865574857
5086,0,210384,48,4383,41.040383299,1,6.63,9878,10177,285387,15.888157895,1,0,0,2,10836.7,0,1,45912.4,300,121135.2,21519.721756,254090.1,207611.6,59,0,66545.347368,31140,124835.9,0.1053277464,0.8170793861
5088,0,91152,24,3798,54.143737166,0,2.8,4340,9272,105058,15.296052632,1,1,0,1,3798.2,0,0,44829.544156,400,72327.7,13400.064097,383627.7,312446,77,0,49917.071429,31189.8,80447,0.1416283406,0.8144515778
5103,0,12540,12,1045,57.409993155,1,0.65,1029,8561,67298,20.493421053,1,1,0,4,8218,1,1,41922.046711,200,57779.4,9731.97545,346716.2,292154,152,0,47087.28,37841.2,44619.8,0.0702555644,0.8426319779
5110,0,102240,60,1704,51.750855578,1,3.38,2212,8757,109164,19.967105263,1,1,0,2,8062,0,1,29946.995238,900,43627.3,7804.90073,253392,218623.6,126,0,30924.196154,20182.9,43005.3,0.118860778,0.8627886327
5117,0,76944,12,6412,41.136208077,1,0.29,85677,12541,1204953,17.598684211,1,1,0,4,20301,1,1,40141.795455,500,105970.4,22283.583719,487380.5,368603,110,0,57248.546429,15230.5,166717.4,0.1153788019,0.756294607
5124,0,156096,36,4336,45.618069815,0,1.51,2299,9104,103347,6.1513157895,0,0,0,2,11730.8,0,1,51641.833333,700,93801.3,19462.195793,171453.9,126550,33,0,55083.054545,28471.9,65877.5,0.1974484104,0.7381008067
5125,0,73056,48,1522,25.396303901,0,7.34,4947,10446,119895,9.5394736842,1,0,0,3,5316,0,1,23255.14902,500,33555.4,6550.59543,73128.7,51583,51,0,22379.054545,15853.7,18875.8,0.2418585927,0.7053768852
5126,1,208128,48,4336,43.063655031,0,1.6,18721,9897,387570,14.440789474,1,1,0,1,4335.8,0,0,36369.975,-1069.7,96064,22812.18644,342886.4,240416.8,64,0,44496.213333,27105.2,104071.8,0.1249870286,0.7011567063
5128,1,215616,48,4492,38.778918549,0,6.6,1103,8173,42821,9.9671052632,1,0,0,1,4492,0,0,21447.62459,-3424.6,50124.8,13056.987307,165167.3,156526.6,61,2,11343.744,-3424.6,46596.9,0.2891851699,0.947685482
5130,0,24312,12,2026,38.861054073,1,1.12,1874,8427,93931,14.967105263,1,0,0,1,2025.7,0,0,29380.839744,1100,48277.9,7695.8628009,207260.4,99460.6,78,0,31829.4,22660.8,39762.3,0.1528468288,0.4798848218
5131,0,48624,24,2026,33.522245038,0,6.49,6949,9317,128118,17.138157895,1,0,0,2,6539.7,0,1,63857.236752,200,134187.4,25825.858182,736573,662243.2,117,0,74135.361538,47993.6,164655.2,0.0369128291,0.899087125
5132,0,538500,60,8975,34.631074606,0,3.85,2616,9307,95616,11.052631579,1,0,0,2,13580,0,1,33687.858621,200,69775.9,13408.020365,258133.6,234862.6,58,0,27859.759091,14837,75190.4,0.3580766397,0.9098493577
5134,0,53076,12,4423,48.59137577,0,3.13,999,8402,51428,10.953947368,1,1,0,2,13658,0,1,33129.403077,500,65121.6,14034.72871,203498,182432.2,65,0,24771.803704,14151.1,63323.5,0.2095331338,0.8964820466
5136,0,187104,24,7796,19.074606434,1,3.8,9672,8994,226122,4.6381578947,1,1,0,1,7795.5,0,0,66292.372,300,137193.5,34581.401348,288707,201829.2,25,0,77149.278947,42552.7,200849.5,0.1164436589,0.6990807321
5138,0,87216,48,1817,40.911704312,1,0.29,85677,12541,1204953,20.263157895,1,0,0,4,6147,1,1,30847.149324,700,43787.3,6554.7605128,232489.3,205694,148,0,25941.308696,20088.9,31420.6,0.1734683486,0.8847465894
5140,0,178500,60,2975,26.652977413,1,3.33,4355,8746,182027,10,1,0,0,4,7604,1,1,21491.790625,1000,39315.6,8412.0962106,96513.6,77116,64,0,16015.453125,8448.8,35842.9,0.2489824499,0.7990190085
5145,0,309552,48,6449,60.210814511,0,3.8,9672,8994,226122,7.9276315789,1,0,0,2,20740,0,1,56105.5,700,121713.2,21979.384405,330907.3,279107.8,35,0,53453.361111,35709.2,116694.1,0.1657881815,0.8434626753
5147,0,22260,60,371,57.886379192,1,6.63,9878,10177,285387,5.2302631579,1,0,0,2,3653,0,1,23066.613333,700,31277.6,8114.0442626,40077.6,8800,15,0,27871.633333,24884.1,15285.1,0.0728017216,0.2195934988
5148,0,284280,60,4738,37.911019849,1,4.46,4147,9065,114006,18.453947368,1,1,1,1,4738,0,0,64182.641489,300,109361.9,20167.80243,742462.2,609389.8,94,0,68165.947059,36994.1,114430,0.1242124212,0.8207690294
5151,0,189060,60,3151,36.895277207,1,4.64,5244,9753,149893,6.6776315789,0,1,0,2,9091,0,1,72242.896667,200,101793.6,24683.063214,301974.5,223120,30,0,76755.189474,38274.6,120937.3,0.0781625314,0.7388711998
5154,0,108720,60,1812,32,1,2.95,2640,8546,77963,19.539473684,1,1,0,1,1812.3,0,0,50883.196875,1000,112610.8,21193.141302,339139.6,264873,64,0,59523.183333,40682.5,95706.8,0.0567966917,0.7810153075
5158,0,188532,36,5237,22.778918549,1,6.63,9878,10177,285387,21.315789474,1,0,0,1,5237,0,0,64193.40473,200,143846.4,29366.481591,1157400.5,1088333.6,148,0,50614.446154,22144.8,157391.8,0.0998190537,0.9403258938
5160,0,204000,60,3400,51.463381246,0,2.28,2080,8390,77917,12.039473684,1,0,0,2,10485.5,0,1,37809.398462,400,68172.8,12656.782825,269311,204482.2,65,0,30598.640909,17219.9,71813.3,0.142029038,0.759279943
5161,0,98184,24,4091,49.325119781,1,5.74,2157,8403,114200,3.6513157895,1,0,0,1,4090.8,0,0,41660.392857,500,68956.1,19672.650902,99656.2,30700,14,0,46475.041667,23793.1,74611.2,0.1644861166,0.3080660504
5169,0,253200,60,4220,62.231348392,0,2.52,2564,8363,139012,19.276315789,1,0,0,4,12861.5,1,1,34086.208955,1000,96491.4,18873.407739,420720.8,351634.4,134,0,42782.16,14575.5,81204.8,0.1558963548,0.8357907767
5170,0,253200,60,4220,43.556468172,1,2.52,2564,8363,139012,8.3881578947,0,0,0,1,4219.5,0,0,47302.546341,800,104417.9,26552.739505,284778.7,163750,41,0,31870.088889,15124.2,93690.3,0.1351217216,0.5750093844
5172,0,50976,36,1416,18.792607803,0,2.28,2080,8390,77917,16.315789474,1,0,0,4,8532,1,1,28050.299187,400,48735.9,9147.7268807,234586.3,213273.2,123,0,19179.137037,12229.1,35412.1,0.1199488354,0.9091464031
5174,0,385104,48,8023,40.950034223,1,1.6,18721,9897,387570,16.973684211,1,0,0,2,18283.8,0,1,47433.420588,1000,121006.5,24768.348087,894091.9,751768.2,102,0,39957.957895,18331.2,168858.2,0.1425371844,0.8408177718
5176,1,192552,24,8023,31.367556468,1,2.65,1563,8547,70646,14.473684211,0,0,0,1,8022.8,0,0,23979.011765,800,49563,13015.026675,158360.4,116980,51,0,18405.957143,3918.8,39096.6,0.6155817451,0.7386964248
5189,0,149040,48,3105,25.604380561,1,0.45,3475,9622,75637,9.6052631579,1,0,0,2,7502.2,0,1,36845.588889,200,62441.6,12658.246764,189931.6,163458,54,0,34261.94,18921.5,65622.3,0.1419422083,0.8606158185
5206,0,128544,24,5356,46.187542779,1,4.75,18782,10673,323870,9.4407894737,0,0,0,5,14399.7,1,1,40526.455,200,131453.2,22589.559555,249802.1,218720,60,0,25665.973913,16531.6,43538.5,0.3690272499,0.8755736018
5207,0,35904,48,748,50.663928816,0,4.09,5623,9893,228848,9.7368421053,1,0,0,5,4233,1,1,22981.055932,900,34278.5,6022.0733457,67757.7,50095.4,59,0,21332.519355,16922.3,22893,0.0980083857,0.7393353178
5208,1,99696,48,2077,23.707049966,1,5.74,2157,8403,114200,21.25,1,0,0,1,2077,0,0,46341.293519,-974.6,127684.9,28762.206936,649189.6,479775.6,108,1,26197.672,-974.6,99923.4,0.0623558939,0.7390381192
5209,0,182640,48,3805,54.403832991,1,1.29,2719,8544,145688,7.9605263158,1,0,0,3,13935.2,0,1,37802.23,600,64411.8,14199.381523,196501.2,172602.8,40,0,36553.352174,22998.3,69922.4,0.1632454015,0.8783810054
5210,0,148140,36,4115,34.751540041,1,2.77,1597,8598,53921,20.230263158,0,0,0,1,4114.7,0,0,40688.348305,1000,78468.6,13220.371518,536679.3,462580,118,0,37077.26,23599,74521.1,0.1656511115,0.8619302777
5212,0,71064,36,1974,48.908966461,1,7.08,2653,8965,85852,13.256578947,1,0,0,3,8602,0,1,34577.302326,700,55373.3,9923.1715411,226245.7,194848.8,86,0,35211.495652,26966.3,46193.4,0.1281918072,0.8612271472
5214,0,74772,36,2077,36.999315537,0,1.88,3659,8743,157042,12.796052632,0,0,0,2,6239.3,0,1,24872.139437,500,45989,8273.7297699,190532.5,146196,71,0,22581.144444,12368.7,43937.9,0.1418041051,0.7673033876
5221,0,52512,12,4376,54.428473648,0,1.88,3659,8743,157042,17.138157895,1,0,0,1,4375.5,0,0,59684.298851,1000,120419.7,22496.238341,563908.8,450560.6,87,0,62664.405556,34979.2,71137.5,0.1845362346,0.7989958678
5226,0,185544,36,5154,59.279945243,0,4.69,2854,8772,124605,9.6381578947,1,0,0,5,18352,1,1,27729.917143,200,70887.8,15360.768047,139410.7,84810.2,35,0,28261.442857,3963.3,81191,0.1904327906,0.6083506621
5229,0,23520,12,1960,56.183436003,0,2.53,1850,8240,107911,11.677631579,1,0,0,3,10409.2,0,1,25967.495238,500,44667,7748.9428588,147704.6,124145.2,63,0,22397.489474,18205.7,23791.1,0.2471200844,0.8404975844
5236,0,389136,48,8107,30.209445585,0,2.53,1850,8240,107911,11.644736842,1,0,0,1,8107.3,0,0,59749.883871,700,126403.5,25629.232334,635492.1,505702.2,62,0,68093.872222,48054.5,146676.1,0.1658109438,0.7957650524
5237,0,45336,24,1889,38.160164271,0,3.13,999,8402,51428,16.085526316,1,0,0,2,7819,0,1,48152.953333,800,71486,11574.10224,361660.3,321820.6,90,0,49726.738095,39839.5,71602.2,0.0791422969,0.8898425129
5241,0,125472,24,5228,58.171115674,0,6.43,5323,9675,125236,12.927631579,1,0,0,2,11603.7,0,1,48989.182474,800,117375,29467.26671,539445.5,451911.2,97,0,29562.588235,11897.6,55103.4,0.2846130395,0.8377331209
5245,0,125472,24,5228,51.54825462,1,3.13,999,8402,51428,9.2434210526,0,0,0,2,20109.7,0,1,71376.044156,800,143696.8,25109.194803,601541.3,536256,77,0,84498.396774,42152.2,224592.4,0.0698322406,0.8914701427
5253,0,100080,48,2085,31.923340178,1,5.74,2157,8403,114200,3.3881578947,1,0,0,2,10294.7,0,1,22604.34,300,38628.6,11029.074078,41842.7,11900,10,0,25082.6,12808,41542.7,0.1505570974,0.2844155751
5260,0,123300,36,3425,52.553045859,1,3.32,6445,9832,118650,18.585526316,0,1,0,1,3425.2,0,0,55026.62,800,132024.9,25548.054002,622069.2,538800,90,0,61793.064,32600.1,143317,0.0716927156,0.8661417956
5265,0,165780,60,2763,47.26899384,0,1.29,2719,8544,145688,19.967105263,0,0,0,1,2762.8,0,0,45342.204425,413.3,116112.4,26937.966875,569732.5,456993.2,113,2,67906.284,413.3,175363.7,0.0472666704,0.8021192365
5269,1,164052,36,4557,19.386721424,1,3.52,1328,8930,51313,12.072368421,0,0,0,1,4557.2,0,0,41752.161538,-2564.7,112045.6,30609.389888,394206.7,280500.4,65,1,21406.094444,-566.6,76403.9,0.1789236312,0.7115573846
5270,0,191088,48,3981,35.055441478,0,4.83,2123,8187,102609,13.421052632,1,0,0,1,3981,0,0,32688.033333,500,57550.1,11262.531251,283323.3,244931.4,78,0,29934.784211,13219.3,63616.2,0.1877263468,0.8644948562
5281,0,194256,24,8094,29.407255305,0,6.6,1103,8173,42821,22.664473684,1,1,0,1,8094.2,0,0,51370.480597,400,134156.7,27095.340185,892289.6,765462.8,134,0,61271.453333,36963.6,100103.3,0.2425621564,0.8578637946
5282,1,388512,48,8094,27.148528405,1,6.6,1103,8173,42821,21.25,0,0,0,1,8094.2,0,0,21371.32,-2838.8,84743.5,21196.682132,458514,352837.8,120,4,28807.731579,6023.1,120217,0.2019797039,0.7695250973
5285,0,78936,12,6578,36.602327173,1,3.52,1328,8930,51313,8.9802631579,1,0,0,3,10124,0,1,25900.319608,900,40560.3,7684.8697053,95405,70804,51,0,24061.321739,16007.1,35455.2,0.5565426333,0.7421441
5287,0,64224,24,2676,60.572210815,0,2.95,2640,8546,77963,14.473684211,0,0,0,2,12425,0,1,45735.838298,900,92048.9,19455.06988,201968.6,178316,47,0,35173.075,20601.7,18061.4,0.4444099998,0.8828902964
5293,0,189792,48,3954,58.327173169,0,1.51,6079,9538,162580,20.888157895,1,0,0,2,16067.3,0,1,34760.228906,500,78411.8,14092.496457,546211.2,484141.6,128,0,31626.225,17074.4,71806.5,0.1651870574,0.8863635781
5301,0,141948,36,3943,46.015058179,1,4.09,5623,9893,228848,3.75,1,1,0,2,13585,0,1,32592.68,800,63263.1,17970.978977,68439.8,21200,10,0,38137.475,19827,48412.8,0.2443210687,0.3097713644
5304,0,172272,24,7178,55.137577002,0,5.93,4980,8678,161227,10.888157895,1,0,0,2,21634,0,1,61146.523636,300,126478.3,22317.596478,529787.7,457223.6,55,0,65364.765,41103.1,154604.7,0.1392815494,0.8630319975
5310,0,248148,36,6893,54.822724162,1,1.62,1580,8594,72541,16.546052632,1,0,0,4,13070,1,1,36063.788333,600,67486,10761.578896,347756.2,306647.6,120,0,29970.004,15263.6,63122.3,0.327586562,0.8817893634
5311,0,30060,60,501,44.958247775,0,1.62,1580,8594,72541,21.414473684,1,1,0,5,7336,1,1,37213.407527,500,69382.9,11270.503746,476146.8,427623.2,186,0,28989.244828,19111.3,69053.8,0.0217646923,0.8980913069
5312,0,202788,36,5633,42.699520876,1,3.52,1328,8930,51313,12.730263158,0,0,0,2,17627,0,1,57124.268354,1100,139880.9,23297.663575,678389.7,481986,79,0,48179.804545,25107.3,145193.8,0.1163868625,0.7104858601
5313,0,43200,24,1800,48.90349076,1,3.33,5796,9198,159617,10,1,0,0,2,7510,0,1,36159.705556,400,62263.4,10229.963511,149842.3,112223,54,0,36522.922222,26340.5,41470.7,0.1302029961,0.7489423952
5314,1,96396,12,8033,46.012320329,1,3.38,2985,9650,94812,3.4539473684,0,0,0,1,8033.2,0,0,12250,1100,20100,8330.8663015,20100,0,4,0,15966.666667,11000,19000,1.268168184,0.0000497488
5316,0,165960,36,4610,25.026694045,0,1.79,2854,8369,112709,4.8684210526,1,0,0,4,13152,1,1,52083.859459,700,120512.8,29122.059454,229893.7,164002.8,37,0,56036.575862,23795,140847.9,0.098188936,0.713386607
5318,0,385584,48,8033,24.249144422,0,1.62,1580,8594,72541,16.513157895,1,0,0,1,8033.2,0,0,69656.369231,400,118267.7,23107.003039,481289.8,429216.8,78,0,66948.531579,18109,86988.9,0.2770257921,0.8918055363
5319,0,239460,60,3991,51.978097194,1,4.09,5623,9893,228848,9.0131578947,1,0,0,3,14941.8,0,1,40061.580435,300,74408.8,16062.532138,240982.9,195062.4,46,0,34471.545833,12922.6,84318.1,0.1419929294,0.8094457763
5320,0,143676,36,3991,45.53045859,0,1.88,3659,8743,157042,14.703947368,0,0,0,4,14445.8,1,1,28370.441667,700,82795.9,16621.386657,221278.9,194231,72,0,14387.23,6404.6,45690.8,0.2620267958,0.8777661234
5325,0,105804,36,2939,53.089664613,1,1.42,6604,10045,177686,6.0855263158,1,1,0,2,9932.7,0,1,41297.48,1000,65898.5,14151.260443,120309.8,86017.2,25,0,46378.6375,34129.2,62247.2,0.1416380992,0.7149665699
5329,0,396120,60,6602,46.29431896,1,3.13,999,8402,51428,18.092105263,0,1,0,1,6601.7,0,0,58855.277895,500,104859.1,20275.141981,776665.3,608890,95,0,64010.594118,40295.7,119627.8,0.165559371,0.7839801984
5332,0,37944,36,1054,31.58110883,1,0.29,85677,12541,1204953,19.539473684,1,1,0,1,1054,0,0,61295.969159,500,100074.6,18670.113398,510519.7,437604.4,107,0,81391.395652,59781.9,87402.4,0.0361762546,0.8571746454
5334,0,209040,24,8710,19.195071869,0,0.29,85677,12541,1204953,11.677631579,1,1,0,3,11762,0,1,44982.422727,900,74276.7,14572.504224,255930.5,198426.2,66,0,35053.622727,23050.9,66927.3,0.3904061389,0.775313707
5337,0,162468,36,4513,39.082819986,1,2.8,4340,9272,105058,4.8684210526,1,0,0,2,8710.7,0,1,51279.553333,700,83862.8,24180.888924,150438.8,75800,15,0,64255.2,37703.8,95335,0.142010531,0.5038626746
5338,1,57360,12,4780,40.164271047,0,2.95,2640,8546,77963,10.296052632,1,0,0,4,12032,1,1,36887.156,-5851.2,78725.3,21128.247451,320129.8,285987.3,75,1,22798.122222,-5851.2,101264.5,0.1416051547,0.8933482814
5343,0,44952,24,1873,27.271731691,0,0.29,85677,12541,1204953,14.243421053,1,0,0,3,9385.8,0,1,51453.801124,1000,127317,23458.498481,450344.7,387248.4,89,0,63044.172727,19870,122818.2,0.0457494309,0.8598936328
5346,0,55632,24,2318,50.431211499,0,6.63,9878,10177,285387,21.184210526,1,0,0,1,2317.5,0,0,29645.320175,500,52896.1,11976.126778,363519.5,246448.2,114,0,39548.40625,30392.2,42200.7,0.164772283,0.6779513122
5350,0,249312,48,5194,40.807665982,0,2.64,6041,10787,170449,14.243421053,0,0,0,2,19358,0,1,35914.855,900,88597.4,23021.041061,327590.7,272164,60,0,26425.517647,5834.2,98087.2,0.1588537897,0.8308055424
5351,0,205200,36,5700,31.427789185,1,0.29,85677,12541,1204953,17.796052632,0,0,0,4,18957.3,1,1,58336.311628,900,93928.5,17204.07091,623544.1,533531,129,0,66783.408333,44012.9,103419.1,0.165341837,0.855643
5352,1,68400,12,5700,18.787132101,1,4.09,5623,9893,228848,5.4934210526,1,0,0,1,5700.3,0,0,31793.735714,800,51242.2,12297.155099,62746.2,38800,14,0,27057.933333,23798.4,443.1,38.332212508,0.6183702221
5354,0,290820,60,4847,61.034907598,0,3.85,2616,9307,95616,11.25,1,1,0,4,8227,1,1,44617.080952,900,62178.2,10915.899465,255577.2,202188.2,84,0,45372.314815,22445.1,67888.3,0.2141806093,0.7911050316
5358,0,38520,12,3210,57.560574949,0,2.41,1658,8388,95907,19.638157895,1,0,0,2,6325,0,1,20231.313158,900,31302,4462.709852,142273.4,128279,114,0,19747.609091,13342.4,20324.2,0.4737494589,0.9016379616
5360,0,176328,36,4898,54.570841889,0,2.53,1850,8240,107911,20.559210526,1,0,0,5,14433.2,1,1,47164.918713,400,87431.8,16696.592829,654714.4,589779,171,0,59851.893548,34469.3,103644.2,0.1417693869,0.9008188902
5363,1,293880,60,4898,21.80971937,1,1.6,4484,9624,197099,17.467105263,0,1,1,1,4898.2,0,0,53227.144444,-2804.8,132818.3,34779.117446,507891.1,427149,90,1,2094.3933333,-2804.8,16700.7,0.8796853392,0.8410250917
5365,0,271260,60,4521,27.049965777,0,4.46,4147,9065,114006,15.065789474,1,0,0,2,11365,0,1,14873.378082,700,36763.1,7753.0972997,179250.9,167666,73,0,10497.78125,2811.2,36105.1,0.3756220903,0.9353708385
5366,0,86184,12,7182,56.328542094,1,6.63,9878,10177,285387,7.7960526316,1,1,0,3,10425.5,0,1,60273.678571,300,128146,25642.077157,368577.8,248172.8,42,0,56350.57037,22011.8,130183.2,0.1655014126,0.6733263009
5367,0,83628,36,2323,20.153319644,1,1.6,18721,9897,387570,7.8618421053,1,0,0,1,2322.7,0,0,29052.608824,500,51781,9815.0365323,125709.5,83243.8,34,0,28742.263158,17878.7,49181.1,0.1416921322,0.6621944865
5368,0,44640,24,1860,41.262149213,0,3.24,2595,8444,108871,13.717105263,1,0,0,1,1860,0,0,41154.279104,600,65663.5,12074.395889,245818.5,206571.4,67,0,39596.446667,35576.9,35013.8,0.1593520824,0.8403417955
5369,0,214596,36,5961,60.199863107,0,4.75,18782,10673,323870,4.5394736842,1,1,0,2,19589,0,1,62852.917647,400,112408.8,30947.281583,272514.1,186000,17,0,67147.018182,37013.4,148805.3,0.1201747483,0.6825346559
5375,0,101520,12,8460,20.257357974,1,0.29,85677,12541,1204953,8.0592105263,1,0,0,2,11928,0,1,26449.092105,400,43218.7,10352.391969,110391.2,93670.4,38,0,23047.6,9983,37319,0.6800278656,0.8485327768
5377,0,92400,12,7700,23.093771389,1,6.63,9878,10177,285387,15.098684211,1,1,0,3,12413.8,0,1,42291.185577,1000,131664.2,20423.924476,501293.3,365829.2,104,0,32608.83,17442.8,59390.6,0.3889307939,0.729771314
5382,0,22932,36,637,43.709787817,1,2.52,2564,8363,139012,7.3355263158,1,0,0,3,4396,0,1,42536.885366,300,56308.4,12304.330319,115369.9,69279.8,41,0,47094.854167,37196.1,38561.6,0.0495532172,0.60050498
5384,0,23328,12,1944,33.681040383,1,2.41,1658,8388,95907,6.1513157895,1,0,0,2,11712,0,1,40311.637037,1000,68151.2,15155.251505,121433.2,93625.2,27,0,45842.805882,27807.9,64227,0.0907986922,0.7710035558
5385,0,71460,36,1985,16.191649555,1,0.29,85677,12541,1204953,7.8947368421,1,1,0,2,9249,0,1,49220.980645,700,76403.1,16380.594606,181884.7,132235.8,31,0,56117.7,34248.8,79350.6,0.0750438543,0.7270324165
5388,0,61560,12,5130,53.412731006,0,3.52,1328,8930,51313,10.723684211,0,1,0,4,19392.5,1,1,32967.712676,200,73559.9,17762.22467,355774.2,280398,71,0,23125.819231,6214.1,92640.8,0.1661201289,0.7881353169
5389,0,78600,24,3275,41.141683778,0,2.51,3496,8541,121947,4.4736842105,1,0,0,2,15767.8,0,1,42902.407143,800,67058.7,21203.475509,110858.7,43800,14,0,55070.6,34187.9,69409.6,0.1415449068,0.3951029996
5390,0,170256,24,7094,29.330595483,1,1.12,1874,8427,93931,14.736842105,1,1,0,2,13016,0,1,40091.183117,200,79869.8,13589.383989,371594.3,328291.4,77,0,42441.3,27857,73498.1,0.2895466871,0.8834675788
5395,1,299088,36,8308,28.079397673,1,5.77,3244,8110,106054,13.782894737,1,0,0,3,14527.8,0,1,51992.854762,500,193909.9,33855.698026,812759.3,705100.6,126,0,26920.385714,5250.5,53620.7,0.4647944845,0.8675394209
5398,0,53472,12,4456,57.344284736,0,3.39,2987,8899,81344,20.296052632,0,0,0,1,4456,0,0,64144.502239,300,172962.5,28468.555791,1008742.4,889640,134,0,73588.518182,38244.3,175203,0.0762987569,0.8819299338
5409,0,182040,60,3034,44.38329911,1,3.13,999,8402,51428,11.907894737,1,1,0,1,3034,0,0,67475.901695,600,110447.5,21927.679529,536797.8,473602.2,59,0,72519.188889,38747.5,124022,0.0733884298,0.8822732093
5413,0,92976,24,3874,25.448323066,1,3.52,1328,8930,51313,18.717105263,0,1,0,2,17259.7,0,1,50436.466055,300,122342.1,26490.316135,666916.9,496076,109,0,73305.038462,21531.8,149288.2,0.0778478571,0.7438351857
5414,0,185952,48,3874,49.741273101,0,6.43,5323,9675,125236,12.335526316,1,0,0,2,8498.7,0,1,50113.194118,700,145318.2,31588.379962,250010.1,167625,34,0,69332.428571,27005,153763.2,0.0755822801,0.6704742309
5415,1,139464,36,3874,38.239561944,0,3.33,4355,8746,182027,13.026315789,1,0,0,1,3873.7,0,0,31532.748387,300,65062.8,12989.781215,146863.2,105200,31,0,36373.7,22498.5,42896.9,0.2709097224,0.7163147997
5418,0,347952,48,7249,30.543463381,1,2.82,818,8843,45714,21.611842105,1,0,0,1,7248.8,0,0,54157.194167,300,123013.2,23422.026501,835259,665504.4,120,0,62784.831579,32155.5,129882.1,0.1674326,0.7967643608
5419,0,415800,60,6930,47.600273785,1,0.29,85677,12541,1204953,9.4078947368,1,0,0,1,6930,0,0,44265.272973,700,140706,33832.073699,237053.5,223573,37,0,21791.007143,9735,38165.8,0.5446857119,0.9431333301
5420,0,72504,24,3021,46.652977413,1,1.39,5198,8991,122603,10.427631579,1,0,0,5,6667,1,1,45374.642424,600,145620.3,27825.784982,379257.6,348945.4,99,0,32034.633333,16306.4,20742.3,0.436870038,0.920075115
5428,0,230220,36,6395,48.421629021,0,2.77,1597,8598,53921,21.776315789,1,1,0,1,6395,0,0,64923.162745,200,141146.2,28758.362704,1218721.2,1085092,153,0,78311.952174,21637.8,257276.3,0.0745687663,0.8903530271
5429,0,20196,36,561,25.048596851,0,0.29,85677,12541,1204953,17.203947368,1,0,0,2,6303,0,1,52636.598958,200,77158.8,15288.688965,440905.8,375221.2,96,0,63391.789474,41689.8,83555.2,0.0201416498,0.8510238445
5435,0,314688,48,6556,23.917864476,0,1.67,2159,8507,88884,19.046052632,0,1,0,1,6556.3,0,0,53094.364486,600,99692.3,21446.093612,815923.7,559950,107,0,57760.166667,33829.9,118794.3,0.1655593183,0.6862777901
5445,0,46320,24,1930,16.996577687,0,5.75,4650,8705,133777,17.894736842,1,0,0,5,8610,1,1,43657.813483,900,119892.5,20752.088935,729496.5,675513.6,178,0,25486.919231,9770.7,33948.8,0.1705358773,0.9259998835
5446,0,48312,24,2013,39.093771389,0,4.83,2123,8187,102609,16.546052632,1,0,0,2,12720,0,1,31897.432979,600,53030.3,9079.3261691,286841.5,245659.2,94,0,38350.747059,17502.7,61015.2,0.0989704711,0.8564288765
5447,1,541200,60,9020,51.367556468,1,6.63,9878,10177,285387,19.309210526,1,0,0,5,14286,1,1,12006.396552,-17030.4,51160.5,14745.172611,312545.3,306184.4,174,10,-4611.825926,-17030.4,41984.1,0.6444836628,0.9796481353
5449,0,99336,24,4139,15.342915811,1,4.09,5623,9893,228848,10.855263158,1,0,0,2,8862,0,1,27019.571154,300,46568,7892.7218287,128469.8,97645.6,52,0,27903.433333,19654.6,36482.4,0.340327912,0.7600684358
5450,0,199680,60,3328,45.445585216,0,2.52,2564,8363,139012,13.552631579,1,0,0,2,6940.2,0,1,33658.617568,500,62238.8,11909.168773,282042.6,223839.4,74,0,33047.535,19801.6,60314.7,0.1655235528,0.7936375794
5451,0,159744,48,3328,23.86036961,1,2.83,1740,8968,70699,9.2105263158,1,1,0,3,9166.2,0,1,56388.810714,600,105953.6,27438.996904,223940.7,170342.2,28,0,68155.353333,39875.3,108565.3,0.0919605447,0.7606586893
5452,0,49440,60,824,29.828884326,1,6.63,9878,10177,285387,15.263157895,1,0,0,4,6443,1,1,47798.865455,300,74419.8,12804.463917,327632.7,282611,110,0,41279.003571,30503.6,61265.2,0.0403471948,0.8625852591
5453,0,156672,36,4352,38.74880219,1,1.62,1580,8594,72541,13.157894737,1,0,0,2,8965,0,1,22927.502667,500,41876.9,6686.1455903,135886.9,112615.4,75,0,19649.358333,11418.8,34304.3,0.3805604055,0.8287448699
5463,0,17952,12,1496,44.265571526,1,5.75,4650,8705,133777,11.315789474,1,0,0,2,7944,0,1,28597.886207,500,46705.2,9101.8028123,198159.7,167098.2,58,0,31493.444444,26363.5,50058.7,0.0896493727,0.8432509574
5464,0,95808,12,7984,54.581793292,0,1.72,4085,9425,161854,14.111842105,1,0,0,1,7984.3,0,0,59701.786667,900,122452.2,24705.82136,758891.5,633646,90,0,48395.011765,20545.5,136665.9,0.1752556727,0.8349627912
5469,0,293160,60,4886,19.488021903,1,2.52,2564,8363,139012,17.664473684,1,0,0,1,4886,0,0,49740.623711,800,131276.2,29394.413058,595596.4,492204.4,97,0,21149.715385,11824.1,13344.7,1.0981667254,0.8264062268
5470,0,200976,48,4187,40.791238877,0,5.74,2157,8403,114200,7.2039473684,1,0,0,2,13741.3,0,1,47938.065714,600,83553.5,18916.939576,216791.3,160805.8,35,0,46282.942857,20757,76113.8,0.165022702,0.7417551269
5479,0,24516,12,2043,35.529089665,0,0.29,85677,12541,1204953,10.427631579,1,0,0,1,2043,0,0,55582.226027,200,125254.2,29534.218113,630685,414916.8,73,0,71925.385185,34595.4,235218.6,0.0260562805,0.6578833207
5482,0,165120,60,2752,45.533196441,1,2.51,3496,8541,121947,19.769736842,1,0,0,2,7734,0,1,24377.371552,1100,37946.3,6878.8365664,197974.4,175229,116,0,21778.436842,15128.8,25157.6,0.3281320795,0.8851099682
5486,0,466608,48,9721,50.951403149,1,2.95,2640,8546,77963,18.914473684,1,0,0,1,9721,0,0,36161.021569,300,66125.9,12819.231109,364120.1,303344.4,102,0,50490.864706,35574.1,67174.8,0.4341166278,0.8330893211
5491,0,428784,48,8933,61.620807666,0,0.29,85677,12541,1204953,14.342105263,1,0,0,4,12954,1,1,22133.735455,1100,47281.2,11407.190986,213844.2,205137,110,0,21119.79375,8707.1,44502.4,0.602151649,0.9592826961
5494,0,360000,48,7500,22.951403149,1,1.6,4484,9624,197099,19.013157895,0,0,0,1,7500,0,0,51149.655147,600,126072,26193.211381,1045406.1,876607.6,136,6,60433.73913,31347.9,172184.6,0.1306714305,0.8385332374
5495,0,89340,60,1489,25.089664613,1,3.45,1879,8441,110643,8.7828947368,1,0,0,2,6505,0,1,39644.763636,500,54020.1,10748.387758,123335.6,81813,44,0,44671.983333,35921.5,40972.9,0.1090152992,0.6633391872
5501,0,136344,24,5681,33.886379192,1,0.29,85677,12541,1204953,20.986842105,1,0,0,2,12748,0,1,31673.896923,300,57858.4,10787.93857,344140.1,304292.6,130,0,36431.688889,25957,49043.3,0.3474879858,0.8842117376
5519,0,91632,12,7636,31.685147159,1,2.52,2564,8363,139012,12.006578947,1,0,0,2,11168,0,1,40976.942857,700,64577.8,10641.422754,237174.6,204112.8,70,0,40211.088462,26515.8,62351.7,0.3673820899,0.8606020181
5520,0,231168,48,4816,20.164271047,1,3.33,4355,8746,182027,20.164473684,1,1,0,3,9221,0,1,54598.838889,300,122436.6,22041.383077,969890.2,846494,144,0,62543.77,21180.9,157663.4,0.0916365186,0.8727731523
5523,0,93888,36,2608,43.438740589,1,3.79,1562,8288,86513,5.1315789474,0,0,0,2,13331.2,0,1,37510.494737,600,52378.2,14598.865783,85016.4,50300,19,0,45788.183333,34578.2,47540.3,0.1645657748,0.5916553553
5525,0,93888,36,2608,61.820670773,0,1.67,2159,8507,88884,10.361842105,0,0,0,3,13533.2,0,1,69554.292308,200,144694.2,29245.776818,693723.7,618565,91,0,51528.2,16783.7,61116.5,0.1280115184,0.8916591841
5526,0,69624,36,1934,51.356605065,0,2.52,2564,8363,139012,19.243421053,1,1,0,4,5658,1,1,49145.707586,1100,74473.4,11919.240677,427453.7,377598,145,0,52161.656522,42631.3,61403.4,0.0944852654,0.8833661204
5527,0,156420,60,2607,40.955509925,0,2.52,2564,8363,139012,11.315789474,0,0,0,2,13829,0,1,49909.155556,400,94694.7,17920.616361,344935.7,313164,63,0,41975.68125,22039.7,28145.4,0.2778488298,0.907891216
5531,0,66432,24,2768,26.250513347,1,2.64,6041,10787,170449,19.572368421,1,0,0,2,9637,0,1,33039.892523,700,69031.9,12534.71694,455884.5,438139.4,107,0,25439.566667,17025.7,66226,0.1253831403,0.9610755332
5532,0,335280,48,6985,44.840520192,1,3.73,3729,8720,161954,15.263157895,0,0,0,3,10093.3,0,1,43629.436082,500,123335.2,22466.555575,673795.8,611410,97,0,35006.359091,18760.3,126198.6,0.1660438536,0.907411552
5533,0,111384,24,4641,27.011635866,0,0.45,3475,9622,75637,15.526315789,1,0,0,3,12266,0,1,65097.224342,500,141386,26285.863068,1054061.2,942954.4,152,0,63160.378571,20377.5,210560.9,0.0661224455,0.8945917992
5549,0,50460,60,841,47.041752225,1,0.45,3475,9622,75637,8.8486842105,1,1,1,2,8130,0,1,37570.627907,800,51971.4,10371.123782,158214.4,116683.4,43,0,38797.238095,28898.6,53959.2,0.0467549507,0.7375034289
5556,0,268320,60,4472,44.881587953,1,0.29,85677,12541,1204953,8.4539473684,1,0,0,3,12571,0,1,24411.294231,200,49189.6,10874.530319,127126.4,114473.4,52,0,19277.009091,8602.9,38408.6,0.3492694915,0.9004699223
5561,0,437460,60,7291,45.160848734,1,4.09,5623,9893,228848,10.263157895,1,1,0,3,21725.3,0,1,48935.435849,900,101929.2,24396.939772,483858.3,449843,53,0,40901.031818,17707,153673.8,0.1423311782,0.9297000182
5563,0,380160,60,6336,46.663928816,0,4.75,18782,10673,323870,19.046052632,1,1,0,1,6336,0,0,64777.075229,1100,147375.1,27227.866079,878170.5,820989.8,109,0,47981.485,22049.6,108400,0.1753457008,0.9348866366
5568,0,272520,60,4542,54.877481177,0,0.56,3810,10124,92084,10.953947368,1,0,0,2,10449,0,1,44602.641667,1100,121891.4,24196.754531,467695.6,361301.4,84,0,42060.242105,26239.8,85352.7,0.1596378449,0.7725144891
5569,0,504000,60,8400,26.557152635,0,1.95,2824,8980,75232,21.842105263,1,0,0,2,12647,0,1,20942.594355,200,39172.5,7160.2463066,271151.6,245174.2,124,0,25458.704545,17182.4,51301.3,0.4911868986,0.9041963824
5576,0,31248,12,2604,55.474332649,1,0.29,85677,12541,1204953,18.75,1,0,0,1,2604.5,0,0,64493.099167,1000,144715.3,28994.626432,857688.8,689575.2,120,0,48869.245,22786.3,62933.5,0.1241251102,0.803992539
5582,0,41256,12,3438,59.794661191,0,3.13,999,8402,51428,22.434210526,1,1,1,5,11994,1,1,63500.406977,900,124519.7,21550.697259,1231352.4,857203.8,215,0,59972.10625,36926.9,147899,0.0697353653,0.6961484818
5584,0,24792,24,1033,39.433264887,0,3.79,1562,8288,86513,19.934210526,1,1,0,3,5724,0,1,47061.86,500,72489.8,12246.40773,519533.9,450345,135,0,55772.909524,37291.8,82714.7,0.0374647748,0.8668253086
5585,0,88608,12,7384,51.019849418,0,3.51,2247,8512,125832,20.789473684,0,0,0,1,7384,0,0,51249.129851,900,148386.3,31799.726667,808367.6,751200,134,0,24388.615385,9912.7,22797.7,0.9715491191,0.9292802813
5586,0,48744,36,1354,32.205338809,1,4.01,3460,8909,148545,4.4078947368,1,1,0,2,4571,0,1,42930.207143,900,62891.3,19512.790972,111191.3,48300,14,0,53564.7,40497.4,57865.1,0.0701941139,0.4343915901
5589,0,390000,48,8125,50.929500342,0,2.41,1658,8388,95907,16.776315789,0,0,0,3,22704.3,0,1,48798.697727,600,120714.8,28087.263397,249136.6,225937,44,0,61915.5,23138.8,148087.7,0.1645950759,0.9068803745
5591,0,155616,48,3242,37.429158111,1,0.56,3810,10124,92084,7.5,1,0,0,1,3241.8,0,0,39426.07,300,62153.6,13711.094458,149490.8,125043.8,30,0,41304.788235,24447.1,58864.1,0.1652196218,0.8364659466
5593,1,277884,36,7719,15.797399042,1,2.79,2166,8254,105606,22.796052632,1,0,0,1,7718.7,0,0,46487.002564,1000,129394.2,28041.87508,632945,613519,117,0,4961.7666667,3614,8065.5,2.8700501952,0.9693085982
5595,0,82896,12,6908,22.171115674,0,1.89,1660,8208,75685,15.855263158,1,1,0,4,16783.5,1,1,57141.730952,900,107680.9,24685.921391,702299.6,564396.6,126,0,73764.414815,43294.6,145919.7,0.1420203985,0.803641062
5599,0,15420,12,1285,29.719370294,1,0.29,85677,12541,1204953,21.940789474,1,0,0,3,7454,0,1,24577.2,1000,41137.4,7049.350988,253168.6,221301.2,151,0,24787.42963,11341.9,36984.5,0.1042244001,0.8741262774
5606,1,253512,36,7042,51.159479808,1,3.24,2595,8444,108871,7.0065789474,0,0,0,1,7042,0,0,37095.844828,300,111044.2,24704.385018,171658.5,118860,29,0,28961.675,4418.4,41114.3,0.5137983282,0.6924230817
5610,0,123216,48,2567,18.650239562,1,7.08,2653,8965,85852,18.453947368,1,1,0,3,5619.3,0,1,70622.833594,700,138433.7,28089.524636,815518.9,726818,128,0,73090.444444,29207.7,241057.2,0.0319463769,0.8912339233
5611,0,321180,60,5353,60.375085558,0,1.42,6604,10045,177686,7.6644736842,1,0,0,2,20076.3,0,1,40524.463158,700,90257.3,21716.75025,276707.3,211535.8,38,0,30689.154545,19592.2,98788,0.1625552935,0.7644758036
5614,0,253560,60,4226,47.225188227,1,7.34,4947,10446,119895,21.217105263,1,0,0,1,4226.5,0,0,39822.711111,900,76509.7,13798.585863,576472.5,475833.6,108,0,46936.8125,36718.7,76606.5,0.1654886143,0.8254231981
5616,0,130896,24,5454,43.871321013,1,7.08,2653,8965,85852,18.881578947,1,0,0,2,9928,0,1,31685.099115,300,49093,8392.4630653,229428.3,185780.4,113,0,39206.295,30465.8,36943.4,0.4428577615,0.8097544647
5620,0,30012,12,2501,44.958247775,0,1.78,1655,9060,78955,21.677631579,1,0,0,1,2501,0,0,46609.348544,700,107744,24793.342826,523271.6,356575.2,103,0,64129.242105,34301,144023.3,0.0520946522,0.6814348773
5624,1,177744,48,3703,22.507871321,0,3.24,2595,8444,108871,16.809210526,1,1,0,1,3702.8,0,0,26746.525263,-2485.5,89733.5,21147.080703,326642.5,233326.9,95,2,22588.6375,2810,47751.5,0.2326272917,0.71431974
5625,1,222180,60,3703,57.45927447,0,2.82,818,8843,45714,12.565789474,1,0,0,1,3702.8,0,0,55230.444068,800,130659.1,26510.559286,375691.6,303287.6,59,0,81362.65,45347.2,161075.5,0.0689663735,0.8072786102
5634,0,39024,12,3252,60.832306639,0,1.6,4484,9624,197099,17.434210526,1,1,0,3,16491.2,0,1,60289.954412,300,134678.1,24639.677624,719643,650404,136,0,39397.977273,16703.5,61419.5,0.1588343034,0.9037871503
5635,0,77184,36,2144,42.26146475,1,0.29,85677,12541,1204953,18.848684211,1,0,0,1,2144,0,0,50722.27013,200,142917.9,30287.214668,571831.4,522031.4,77,0,32866.586667,22446,49020.3,0.1312029178,0.9129115454
5638,0,68124,12,5677,40.156057495,0,4.75,18782,10673,323870,10.526315789,1,0,0,2,13874,0,1,28809,1100,63669.3,14323.747993,231786.1,215355,51,0,20939.74,10823.6,72576.8,0.2346520657,0.9291112404
5643,1,94512,12,7876,45.223819302,0,4.75,18782,10673,323870,20.789473684,1,0,0,1,7876,0,0,48061.856716,600,133407.7,26359.190622,1131512.9,1025233.6,134,0,33037.328571,9329.8,150070.7,0.1574426432,0.9060733589
5644,0,276084,36,7669,34.406570842,1,0.29,85677,12541,1204953,15.657894737,1,1,0,5,11745.7,1,1,58466.193662,1100,132186.8,22606.367015,790073,587953.6,142,0,59473.29375,27423.1,138826.6,0.165721143,0.7441766214
5651,0,19248,12,1604,33.437371663,0,1.95,2824,8980,75232,13.881578947,1,0,0,2,10853,0,1,36065.975,200,60870.3,11241.910004,297867.9,254432.4,72,0,31603.052632,22291.6,65885.7,0.0730322498,0.8541791372
5656,0,146064,24,6086,43.611225188,1,4.75,18782,10673,323870,5.4605263158,1,0,0,4,17174.2,1,1,44355.040909,200,90387.4,16699.810596,150949.3,105928.6,22,0,49578.54,29805.9,87479.9,0.2087036438,0.7017515036
5657,0,4980,12,415,42.009582478,1,3.79,1562,8288,86513,7.9605263158,1,0,0,4,5148,1,1,30533.371739,800,41106.2,8705.1835399,101697.8,79197.4,46,0,30588.232,21602.2,37429.8,0.0332596012,0.7787545182
5665,0,40632,12,3386,52.692676249,1,3.83,3804,8754,107870,14.605263158,0,0,0,5,6904.5,1,1,48478.590678,1100,75484.9,12051.539852,330588.3,244794,118,0,44925.571429,30622.1,61474.1,0.1652322572,0.7404807113
5669,0,71820,36,1995,33.987679671,0,3.79,1562,8288,86513,13.256578947,1,0,0,1,1995,0,0,54293.592405,700,119933.3,21993.073667,421819.7,292946,79,0,39375.34375,19754.2,38923.7,0.1537505106,0.6944822765
5674,0,207264,48,4318,34.943189596,0,2.41,1658,8388,95907,9.2434210526,0,0,0,1,4318,0,0,61345.1,400,123573.3,28117.508579,445875.9,350700,58,0,74357.208,45973.3,188839.7,0.0685967739,0.7865422048
5681,0,68664,24,2861,17.303216975,1,3.38,2212,8757,109164,16.480263158,0,0,0,1,2860.7,0,0,36855.823288,700,72649.2,15663.928694,290134.5,240860,73,0,35064.993333,18833.4,59005.1,0.1454546071,0.8301672839
5682,0,67464,12,5622,61.683778234,0,6.43,5323,9675,125236,11.809210526,1,0,0,1,5622.5,0,0,46016.198246,600,92407.6,19927.134835,440992.3,366202.2,57,0,38355.613636,20037.8,101638.5,0.165936158,0.8304053599
5683,0,140688,48,2931,56.908966461,0,1.12,1874,8427,93931,13.684210526,1,0,0,1,2931,0,0,57514.347059,300,144580.4,27755.303235,491325.2,396760.6,85,0,52135.08125,20576.4,32786.9,0.2681618425,0.8075319411
5693,0,44088,24,1837,44.084873374,1,3.39,2987,8899,81344,7.7631578947,1,0,0,2,5210,0,1,36548.81875,1000,55576.8,11906.808162,128071.3,83702.8,32,0,39691.455556,26231.3,57194.8,0.0963498596,0.6535667744
5698,0,174840,60,2914,47.227926078,1,3.38,2212,8757,109164,12.796052632,1,0,0,3,8137.8,0,1,34822.468966,1100,64669.5,11111.778629,265222.8,156732.8,87,0,32989.580769,22801,53903.3,0.1621702844,0.5909492285
5699,0,174960,24,7290,20.895277207,1,4.83,2123,8187,102609,22.171052632,1,0,0,1,7290.5,0,0,58926.411189,1000,159286.4,27760.0933,889668,726977.4,143,0,66406.355,47282.3,149303.5,0.146477213,0.8171335632
5706,0,161496,36,4486,24.898015058,0,3.8,9672,8994,226122,20.822368421,0,0,0,2,7610,0,1,33219.9,500,113865.5,19260.546244,459573.5,376426,130,0,30137.63125,20181,23892.2,0.5632093475,0.8190772116
5713,0,158760,60,2646,16.911704312,0,1.78,1655,9060,78955,22.105263158,1,0,0,4,13649.5,1,1,24908.761446,900,59898.4,8944.7153112,395880.6,338816.2,166,0,22102.2125,8755.4,48228.9,0.1645798735,0.8558548819
5718,0,14028,12,1169,52.169746749,1,2.53,1850,8240,107911,22.171052632,1,0,0,3,6265,0,1,51802.019231,400,75383.2,10744.59256,396995.8,345210.8,156,0,57174.708696,41707.2,56977.6,0.0615472635,0.8695581425
5719,0,271584,48,5658,21.221081451,0,0.29,85677,12541,1204953,16.776315789,1,1,0,1,5658,0,0,62387.09,800,115112.9,27465.733062,689094.2,564731.4,90,0,58608.105556,24693.7,99831.3,0.170021726,0.8195274035
5723,0,23628,12,1969,40.194387406,0,7.08,2653,8965,85852,17.993421053,1,0,0,2,11471.7,0,1,47420.841818,1000,140228.7,27950.21069,577410.2,493225.8,110,0,61428.457143,18864.4,188709.4,0.0313015997,0.8542037286
5724,1,316140,60,5269,26.598220397,0,0.29,85677,12541,1204953,22.467105263,1,0,0,1,5269,0,0,18632.933813,800,39616.2,6901.2607906,275514.7,262702.8,139,0,18521.658333,10378.6,39302.5,0.4021574589,0.9534984758
5725,0,444864,48,9268,32.060232717,0,1.6,4484,9624,197099,11.282894737,1,0,0,3,18285,0,1,32404.773438,800,62903.5,11798.830196,226733.7,184989.6,64,0,32323.752381,12069.8,66650.2,0.4171442631,0.815890113
5731,1,460980,60,7683,33.347022587,1,1.95,2824,8980,75232,5.9539473684,1,0,0,1,7683.2,0,0,45410.15,400,103750.1,26778.698461,175342.8,133529.2,26,0,56514.552941,19163.5,130636.7,0.1764318197,0.7615336271
5739,0,76380,12,6365,37.505817933,1,0.29,85677,12541,1204953,8.0921052632,1,0,0,4,12081,1,1,26122.848889,1100,41703.3,8289.7800937,91939.2,68782.4,45,0,25133.24,15755.4,35911.1,0.5316853269,0.7481319379
5740,0,18564,12,1547,31.753593429,1,0.29,85677,12541,1204953,4.2105263158,1,0,0,2,4765,0,1,35538.046154,200,56498.4,14265.870342,77465.7,34200,13,0,42773.344444,34496.5,51638.2,0.0898701037,0.4414929253
5741,0,68544,24,2856,20.342231348,0,4.46,4147,9065,114006,8.4868421053,0,0,0,5,9829,1,1,44948.625926,900,94207.7,20196.074071,253465.9,165236,54,0,37037.003333,20224.5,89115.1,0.0961420856,0.6519076061
5750,0,63252,12,5271,46.606433949,1,2.26,4289,9920,94725,22.105263158,1,0,0,3,10371.7,0,1,49291.822561,13097.7,86343.2,18482.298946,800390.9,651980.8,164,0,36498.007407,13097.7,111194,0.1422070739,0.8145782085
5754,0,23052,12,1921,54.242299795,1,1.6,18721,9897,387570,20.296052632,1,0,0,5,8861,1,1,23771.966082,700,54321.8,8912.0193583,323632.8,295101,171,0,22938.275862,11708.4,47621.5,0.1210091445,0.9118392455
5758,1,307200,60,5120,34.836413415,0,2.53,1850,8240,107911,12.302631579,1,0,0,1,5120.2,0,0,44484.075,200,142668.1,32135.847572,431664.5,331316.8,68,0,10533.836364,5276.7,20499.8,0.7491659676,0.7675336574
5760,0,74916,36,2081,56.216290212,0,0.29,85677,12541,1204953,21.842105263,1,0,0,3,13412.8,0,1,56133.652663,600,143676.5,27409.199322,1006351.7,833077.6,169,0,42347.173077,9850,114490,0.054527351,0.8278197097
5765,0,153936,24,6414,48.613278576,0,2.79,2166,8254,105606,3.7828947368,1,0,0,1,6413.7,0,0,58031.627273,1100,100675.4,30735.935715,174775.4,74100,11,0,66407.322222,32082,135193.4,0.142326275,0.4239760059
5772,0,334620,60,5577,36.684462697,1,2.52,2564,8363,139012,7.9934210526,1,0,0,1,5577.3,0,0,64863.954286,1100,92028.2,22167.038821,287773.5,218858.4,35,0,73485.311765,41832.2,118133.6,0.1416241876,0.7605239519
5773,0,133848,24,5577,37.70568104,1,4.46,4147,9065,114006,22.927631579,1,0,0,1,5577.3,0,0,42220.029464,600,133750.5,33144.907703,539749.3,509592,112,0,18442.691667,2814.8,53631.4,0.3119453187,0.9441273122
5774,0,96984,36,2694,26.028747433,0,1.25,5179,11277,112065,9.4407894737,1,0,0,4,17241.7,1,1,21298.78,800,50063.3,11014.437192,182037.8,168591,55,0,18549.795238,8188.4,56723.3,0.1424735969,0.9261322312
5779,0,107352,36,2982,58.288843258,1,0.65,1029,8561,67298,17.171052632,0,0,0,2,16410.5,0,1,57995.119048,600,151251.4,31107.147273,535431.6,474306,84,0,78586.234483,20938,294130.4,0.030414771,0.8858388525
5782,0,63576,12,5298,37.511293634,1,0.29,85677,12541,1204953,6.6447368421,1,0,0,1,5297.7,0,0,59128.5875,500,109399.2,21405.491502,210464.4,166829.2,32,0,66668.184211,43635.1,112822.1,0.1408729086,0.7926728099
5784,1,84600,36,2350,58.743326489,0,1.6,18721,9897,387570,6.1842105263,1,0,0,1,2349.5,0,0,41766.69375,900,105258.8,28843.331899,176172.5,143443.8,32,0,38329.2,6587.7,51513.7,0.1368488277,0.8142246138
5790,0,84288,48,1756,19.718001369,1,3.73,3729,8720,161954,3.9802631579,1,0,0,3,6058,0,1,29824.125,1000,48781.6,12770.284101,57681.5,20300,12,0,35205.944444,20704.1,37013.5,0.1423149136,0.3519438305
5799,0,106128,36,2948,19.493497604,0,3.33,5796,9198,159617,11.085526316,0,0,0,1,2948,0,0,36071.942308,900,76251.4,15711.303814,245718.3,153380,52,0,46307.6375,30368.8,66895.2,0.1322008664,0.6242122617
5804,0,158976,48,3312,55.761806982,0,2.52,2564,8363,139012,17.039473684,1,0,0,4,8860,1,1,49916.091026,600,130293.2,23319.338185,678171,517076.4,156,0,21258.042308,12819.7,38510.6,0.2579867891,0.7624576066
5805,1,137904,24,5746,27.40862423,0,0.45,3475,9622,75637,4.2434210526,1,0,0,1,5746,0,0,26886.191667,600,43259.7,11982.101755,55759.8,20600,12,0,32186.477778,19907.4,35881.8,0.480370519,0.3694530925
5808,0,41856,48,872,37.081451061,1,1.6,18721,9897,387570,14.177631579,1,1,0,4,4499,1,1,38559.264078,800,56921,10181.21172,283830.7,246761.4,103,0,43991.609091,29705,63821.4,0.0409874593,0.8693968996
5815,0,151200,36,4200,51.923340178,0,2.95,2640,8546,77963,7.9276315789,1,0,0,2,18648.2,0,1,66345.6825,1000,110723.2,28183.949451,383586.7,300339.8,40,0,78360.842308,43322.2,263993.3,0.0477279416,0.782978182
5817,1,100800,24,4200,59.123887748,0,4.83,2123,8187,102609,15.427631579,1,0,0,4,15595.2,1,1,26649.770313,-1571.5,92354.7,22080.256063,198881,197975.4,64,3,-995.4071429,-1571.5,28.2,403.84615385,0.9954465462
5823,0,212976,36,5916,24.971937029,1,0.29,85677,12541,1204953,22.072368421,1,0,0,2,14668.7,0,1,49635.715436,1100,119287.7,23435.838014,945015.3,807716.8,149,0,31009.873684,20706.2,68292.7,0.2598699479,0.854713088
5830,0,405780,60,6763,46.160164271,0,1.29,2719,8544,145688,22.828947368,1,0,0,4,12006,1,1,34044.429545,700,51008,7073.1968373,343710.1,302177.8,176,0,40684.880769,31512.4,44888,0.4519614177,0.8791650895
5836,0,79632,24,3318,35.156741958,1,3.51,2247,8512,125832,4.6381578947,1,0,0,3,15089,0,1,63494.2,900,119373.5,29061.537055,244462.5,154716,16,0,73610.881818,38043.9,155230,0.0641229635,0.6328838456
5837,0,244560,60,4076,26.995208761,1,3.38,2212,8757,109164,8.4868421053,1,0,0,2,16081.5,0,1,38426.728571,1000,72512.5,15757.722747,224210.9,170867.8,42,0,33060.873913,19433.3,87398.4,0.1399062258,0.7620862229
5841,0,41988,12,3499,25.344284736,0,4.01,3460,8909,148545,20.460526316,1,0,0,2,10145,0,1,37122.396124,200,57965.7,10838.574904,316814.9,258863.6,129,0,50286.880952,37845.5,45646.9,0.2299457392,0.8170820972
5850,0,164196,36,4561,40.889801506,1,1.6,4484,9624,197099,15.559210526,0,0,0,2,9358,0,1,49558.685714,500,119068,29113.138673,349774.4,226891,49,0,67077.863333,33510,283646,0.048239197,0.6486791238
5856,1,51360,12,4280,52.106776181,1,4.76,2112,8814,117897,12.565789474,1,0,0,1,4280,0,0,53636.374713,-2542.1,158633.6,32197.490915,744277.3,679747.5,87,2,68770.9,11202.1,260679.7,0.0492552824,0.9132988292
5861,0,51408,24,2142,45.437371663,0,2.82,818,8843,45714,12.730263158,1,1,0,1,2142,0,0,52299.285937,900,137087.2,27533.493654,453745.7,361816.8,64,0,55895.72,19986.6,131639.4,0.0488140599,0.7974003998
5862,0,100128,24,4172,49.440109514,1,4.75,18782,10673,323870,19.375,1,1,0,2,10307,0,1,56496.391367,700,120586.5,21125.219656,702641,583743.2,139,0,70865.777778,55023.7,26682.8,0.4690134828,0.830784667
5865,0,327660,60,5461,56.331279945,1,7.08,2653,8965,85852,21.710526316,1,1,0,2,18217.3,0,1,49281.738889,1000,112775.8,25697.521091,749509.2,618385.6,126,0,61217.594737,36461.5,122240.6,0.1340192861,0.8250542821
5868,0,90156,12,7513,50.743326489,1,6.6,1103,8173,42821,12.598684211,1,1,1,1,7512.7,0,0,77525.116923,700,130981.4,23284.240691,635727.5,528516.8,65,0,78208.963158,42463.3,136273.1,0.1653921707,0.8313577258
5876,0,221280,48,4610,26.606433949,0,4.75,18782,10673,323870,12.796052632,0,0,0,2,12412,0,1,37596.932394,1100,106144.8,18388.528003,437805.6,360554,71,0,37635.815,16007.9,117525.4,0.1176736857,0.8235485714
5877,0,97224,24,4051,43.649555099,1,2.38,1003,8114,74062,17.467105263,1,0,0,3,11276,0,1,22360.536607,1000,43393,7476.9377923,230279.8,210800.2,112,0,24754.859259,16085,48120.1,0.2525398405,0.9154093611
5878,0,74040,12,6170,40.750171116,1,3.33,4355,8746,182027,20.921052632,1,0,0,5,14653,1,1,44234.829474,600,73209,12482.603186,552809.5,517499.2,190,0,45401.954054,28140,73484,0.2518812851,0.9361258514
5880,0,73836,36,2051,28.334017796,1,7.34,4947,10446,119895,6.1842105263,1,1,0,3,7343,0,1,55315.168421,900,129607.8,32965.145778,192453.1,125000,19,0,57075.328571,45132.1,42600.2,0.1444257708,0.6495107145
5882,0,87816,12,7318,33.237508556,0,0.29,85677,12541,1204953,15.657894737,1,0,0,2,12323,0,1,25533.214286,800,43442.2,6896.7535854,198466.6,182801,84,0,22691.89,15597.8,39544.8,0.555125696,0.921067217
5886,0,192744,36,5354,32.334017796,0,1.29,2719,8544,145688,4.5065789474,1,0,0,1,5353.5,0,0,62590.423077,200,128778.8,28733.343188,214555.3,163629.2,26,0,67673.263158,27799.1,111347.5,0.1442472194,0.7626445833
5887,0,192744,36,5354,23.258042437,1,3.45,1879,8441,110643,16.052631579,1,1,0,1,5353.5,0,0,37265.655263,700,121508.1,16917.161794,304978.1,243246,76,0,33695.68,24294.1,42629.6,0.3767539395,0.7975858018
5889,0,321240,60,5354,27.611225188,0,1.42,6604,10045,177686,17.236842105,1,1,0,1,5353.5,0,0,76826.463971,700,141990,26697.237226,918066.4,825419,136,0,78990.7625,28133.2,155408.4,0.1033514916,0.8990843156
5892,1,66480,24,2770,60.87063655,0,3.33,4355,8746,182027,4.5723684211,0,0,0,1,2770.3,0,0,34798.28,900,77551,21490.626463,85491.2,50600,10,0,43168.971429,27900,49991.2,0.1662192814,0.5918785573
5893,0,86184,36,2394,30.088980151,0,2.38,1003,8114,74062,15.690789474,0,0,0,2,6950.5,0,1,28459.645238,300,48830.7,10103.078272,259749.2,206976,84,0,32107.593333,14344.7,50693.8,0.1416657462,0.7968309553
5895,0,93960,60,1566,34.510609172,0,2.28,2080,8390,77917,14.868421053,1,0,0,3,10619,0,1,54520.202247,800,88246.7,13768.555214,383076.6,333528,89,0,55303.930435,36005,86218.4,0.054487633,0.8706564936
5897,0,15192,24,633,24.235455168,1,1.39,5198,8991,122603,22.532894737,1,0,0,4,7843,1,1,29941.905325,500,48157.1,7237.1809888,355100.2,337748.2,169,0,31257.669231,17351.9,43457.8,0.0436945477,0.9511350567
5900,0,135360,48,2820,20.503764545,0,4.83,2123,8187,102609,11.940789474,1,1,0,1,2819.8,0,0,64881.314286,200,146479.5,30587.603643,603340.4,450431.4,77,0,80129.05,54582.8,256070.7,0.0330373639,0.746563057
5906,0,81144,36,2254,53.84257358,1,4.09,5623,9893,228848,9.0460526316,1,1,0,2,12732.5,0,1,67815.17451,200,127543,26169.159053,495722.6,369995.4,51,0,71917.646875,39088,244921,0.0276085643,0.7463764081
5909,0,61320,60,1022,50.510609172,1,4.69,2854,8772,124605,10.888157895,1,0,0,4,4166,1,1,23137.190541,700,32515.7,4868.0898129,106248.7,85130.2,74,0,23705.17037,17701.3,30498.2,0.1005206353,0.8012370858
5918,0,300204,36,8339,29.924709103,0,3.73,3729,8720,161954,11.973684211,1,0,0,1,8339,0,0,34084.460563,300,57676.7,11447.5475,250489.6,216556.8,71,0,32240.64,16770.7,57331.3,0.4363356664,0.8645346372
5922,0,20220,12,1685,22.094455852,1,3.39,2987,8899,81344,11.282894737,1,1,0,2,10407.8,0,1,41077.635294,500,122906.7,25420.727566,263406,232102.6,51,0,25062.652632,11356,50103,0.1008861214,0.8811595743
5923,0,64656,48,1347,49.278576318,0,0.65,1029,8561,67298,4.0789473684,1,1,0,2,5412,0,1,25896.466667,200,44749,11814.971182,60648.9,15900,12,0,30804.4,19571.9,41139.9,0.0982186477,0.2621768544
5930,0,66696,24,2779,21.533196441,0,0.29,85677,12541,1204953,3.6184210526,1,1,0,2,15038.7,0,1,58360.68125,1000,89595.1,27018.401437,120595.1,53174.6,16,0,62184.726667,13700,119595.1,0.0697084653,0.4409396324
5931,1,66696,24,2779,30.710472279,1,1.95,2824,8980,75232,7.8618421053,1,0,0,1,2778.7,0,0,51945.216279,1100,115744.9,29659.976521,276295.8,263743.8,43,0,49904.726087,12551.9,77377.9,0.1077397652,0.9545705922
5932,0,33348,12,2779,26.965092402,1,3.39,2987,8899,81344,12.105263158,1,0,0,1,2778.7,0,0,45807.114286,700,102499.5,28832.376208,377708.8,298346,63,0,25091.915385,12656.7,49744,0.1675879953,0.7898841915
5933,0,87528,24,3647,46.453114305,0,4.01,3460,8909,148545,12.039473684,0,1,0,1,3647,0,0,42728.931579,800,74816,13891.271413,290163.1,180100,57,0,52303.1625,39306.4,77157.7,0.1417949811,0.620686708
5938,0,402000,60,6700,16.150581793,0,4.64,5244,9753,149893,10.361842105,1,0,0,3,10082,0,1,21568.935185,200,35650.8,7900.8317417,90423,73191,54,0,16705.727273,9587.1,30681.8,0.6550474502,0.8094311245
5940,0,106944,24,4456,43.906913073,1,3.79,1562,8288,86513,4.7697368421,1,0,0,4,7489,1,1,57324.072222,800,83932.6,22980.888932,159132.6,83158,18,0,67149.761538,42175.3,95277.1,0.1403021198,0.5225734854
5942,0,162624,48,3388,39.704312115,1,6.63,9878,10177,285387,19.243421053,1,0,0,3,12919,0,1,37092.945522,16399.9,73289.5,11884.310835,445848.4,397100,134,0,32135.004,16399.9,61420.1,0.165475204,0.8906617347
5953,0,97176,24,4049,41.70294319,1,1.25,5179,11277,112065,4.5065789474,1,1,0,1,4049,0,0,66376.85,400,106189.2,30559.927764,253348.5,148100,16,0,76433.309091,54189.2,138281.9,0.0878403933,0.5845719056
5956,0,168264,36,4674,47.345653662,0,3.33,4355,8746,182027,6.7105263158,1,0,0,2,18136.2,0,1,40044.576,700,70585.8,17004.866389,183813.7,156253.2,25,0,42070.946667,27453.4,84594.2,0.1657501667,0.8500636783
5959,0,107640,24,4485,36.112251882,1,1.67,2159,8507,88884,5.8881578947,1,0,0,3,9926,0,1,50214.504348,600,107783.7,22727.670225,233781.1,168455.6,23,0,54416.926667,29443.4,125721.6,0.1070196286,0.7205709932
5963,0,204780,60,3413,44.186173854,0,1.6,18721,9897,387570,6.5131578947,1,1,0,1,3413,0,0,48890.178261,200,129449.6,26678.762988,232747.4,129014.6,23,0,54331.861538,28216.5,151321.1,0.0676627186,0.554313585
5970,0,465072,48,9689,47.019849418,0,3.51,2247,8512,125832,17.796052632,1,0,0,1,9689,0,0,27778.745631,300,79557.6,13613.100566,460422.3,423269.8,103,0,24360.705882,4670.5,82290.8,0.3532100839,0.9193079499
5973,0,219456,48,4572,37.399041752,1,1.79,2854,8369,112709,3.5526315789,1,0,0,1,4572,0,0,44366.054545,400,77123.8,22683.877975,118723.8,41600,11,0,50864.622222,23533.3,88878.8,0.1543173068,0.3503985688
5976,1,465504,48,9698,35.490759754,0,3.8,9672,8994,226122,12.302631579,1,0,0,5,17025,1,1,26347.124419,1100,49947.4,9532.7999474,228252.6,210978.2,86,0,26168.828571,7186.4,61116,0.4760221862,0.9243192659
5977,0,59136,48,1232,17.656399726,1,2.64,6041,10787,170449,8.6184210526,1,0,0,1,1232,0,0,23023.659091,6620,32572.8,6846.2700741,62999,40258.4,44,0,22405.175,16155.9,21467.3,0.1721447767,0.6390380952
5980,0,21396,12,1783,27.12936345,0,3.13,1845,9045,58796,14.473684211,1,0,0,1,1783.2,0,0,30812.946154,1000,46848.9,7990.9711512,193524.1,113546,78,0,30654.811111,23067.5,38633.3,0.1384449339,0.5867300934
5988,0,141648,24,5902,44.142368241,0,2.52,2564,8363,139012,6.5789473684,1,0,0,2,10187.2,0,1,45100.422222,200,123310.1,32279.922163,171310.2,82600,18,0,61646.327273,20543.2,145274.8,0.1218768456,0.4821692919
5989,0,213300,36,5925,31.674195756,0,1.51,6079,9538,162580,10.723684211,1,0,0,2,10719,0,1,27951.913559,400,42443.7,7864.4958933,123704.3,96377.6,59,0,26495.97037,12344.2,52120.7,0.3410156992,0.7790983895
5991,1,335184,48,6983,20.07118412,1,5.77,3244,8110,106054,13.190789474,1,0,0,1,6983.3,0,0,38710.011364,-6652.7,100570.6,24477.120206,591105.4,463227.8,88,2,19831.678261,-6652.7,147189.5,0.1423238276,0.7836639901
5992,0,76080,12,6340,17.713894593,1,3.85,2616,9307,95616,12.203947368,1,1,0,3,15676.3,0,1,50621.104938,300,103809.7,19389.25338,499211.8,379290.2,81,0,51448.296296,26746.7,117086.2,0.1624402592,0.7597785954
5997,0,117024,24,4876,58.346338125,0,1.42,6604,10045,177686,4.5065789474,1,1,0,1,4875.8,0,0,44131.169231,800,76985.2,19844.247591,118393.5,65200,13,0,54099.455556,40555.1,88293.4,0.1656692685,0.5507097036
5999,0,98832,48,2059,25.508555784,1,2.41,1658,8388,95907,22.894736842,1,0,0,4,7575,1,1,31814.268362,500,63095.4,12078.55102,401400.3,374230.4,177,0,29266.028,19267.8,54717.6,0.1128825342,0.9323123767
6004,0,143904,24,5996,43.06091718,0,4.83,2123,8187,102609,17.039473684,1,0,0,3,9483.2,0,1,49727.456115,700,134571.2,23416.563215,658169.3,497911,139,0,58702.023077,32244.5,113610.6,0.1583261159,0.7565093715
6006,0,359760,60,5996,17.377138946,0,1.72,4085,9425,161854,15.625,1,0,0,2,10706.2,0,1,32434.69375,900,127807.6,24143.874397,213955.9,149798.4,48,0,19698.544444,7710.2,51433.6,0.3497120727,0.7001382054
6007,0,289920,48,6040,53.163586585,1,5.75,4650,8705,133777,10.526315789,1,1,1,1,6039.8,0,0,58959.277778,400,118790.4,22763.594807,400934.4,346373,45,0,57802.1625,28517.9,127258.2,0.1423843245,0.8639147354
6010,0,150180,60,2503,59.679671458,0,3.45,1879,8441,110643,6.5460526316,0,0,0,3,11421.8,0,1,50892,200,92464.9,28282.838447,154739.2,75509,16,0,63156,36196,132039.2,0.0568681831,0.4879792064
6011,0,179328,48,3736,23.411362081,0,1.6,18721,9897,387570,10.230263158,1,0,0,2,8666,0,1,44093.971154,200,81614.7,14278.225737,250367.8,214293,52,0,42873.263158,31463.4,70441.3,0.1591044272,0.8559133566
6012,0,258444,36,7179,30.091718001,0,0.29,85677,12541,1204953,6.7434210526,0,0,0,1,7178.8,0,0,40688.1375,600,61790.4,17230.159618,96392.1,42500,16,0,43012.8875,31304.2,34344.8,0.6270270585,0.4409133019
6013,1,128988,36,3583,56.594113621,0,2.65,1563,8547,70646,18.125,0,0,0,1,3583,0,0,34740.702439,-36.1,78192.9,17311.119716,314909.5,243500.1,82,1,22780.872727,2792.8,58377.3,0.1841203283,0.7732390632
6014,0,165168,36,4588,38.880219028,1,0.29,85677,12541,1204953,15.164473684,1,1,0,3,17943.5,0,1,35478.661856,300,87236,17421.829841,442626.7,390451,97,0,29792.427273,11636.1,82885.6,0.166054198,0.8821228314
6015,0,110112,24,4588,33.360711841,0,2.53,1850,8240,107911,10.855263158,1,0,0,2,13880.5,0,1,76232.7,700,135658.1,28391.569086,760052.5,589754.2,82,0,85736.282759,44595.9,260283.4,0.052880212,0.7759390622
6019,0,11400,12,950,16.065708419,1,1.6,18721,9897,387570,11.743421053,1,0,0,4,5720,1,1,27533.663636,300,39514.1,6234.415408,107628.6,79808.2,77,0,29255.977778,23011.5,28898.9,0.098609434,0.7415172034
6027,1,61656,24,2569,42.611909651,1,2.77,1597,8598,53921,5.4934210526,0,0,0,5,9207.8,1,1,44763.458333,400,89256.9,24849.14908,125895.5,66200,12,0,55290.5625,44254.4,60558.5,0.1272590672,0.5258366992
6028,0,317520,60,5292,28.610540726,1,2.95,2640,8546,77963,9.9671052632,1,0,0,5,14894,1,1,56757.309589,1100,82886.2,14668.228536,266950.4,228271.6,73,0,54317.716667,38678.7,84567.8,0.1877243682,0.8551092071
6037,0,53232,48,1109,32.840520192,0,3.8,9672,8994,226122,20.986842105,1,0,0,3,4650,0,1,30896.002667,1100,49865.1,8130.2934967,222891.9,187279.2,150,0,29608.454545,17645.6,31587.7,0.105315805,0.8402250588
6038,0,323472,48,6739,54.108145106,1,0.29,85677,12541,1204953,13.651315789,1,1,0,2,9746.7,0,1,45414.073684,200,119934.1,26516.428002,388617.3,243227.6,57,0,48282.613043,18707.2,182636.6,0.1106934093,0.6258804591
6043,0,20352,48,424,47.529089665,1,3.38,2212,8757,109164,9.3092105263,1,0,0,2,4632,0,1,31814.414583,400,44427.9,9092.6452165,97274.6,75993,48,0,30707.647619,21281.5,23345.8,0.0544781745,0.7812236573
6044,0,57060,12,4755,54.576317591,0,4.09,5623,9893,228848,13.651315789,0,1,0,4,9366,1,1,46000.645349,900,103606.4,21829.52556,442838.5,352387,86,0,55217.341176,11939.8,172148.4,0.0828631077,0.7957465402
6052,0,22356,36,621,57.724845996,0,3.85,2616,9307,95616,10.328947368,1,0,0,2,4882,0,1,25150.975926,6392,37212.7,7025.3438828,88528.1,71314.6,54,0,21687.88,15582.5,19466.7,0.0956871446,0.8055611093
6054,0,58764,12,4897,52.041067762,1,1.6,18721,9897,387570,16.677631579,1,1,0,1,4897,0,0,32543.264706,700,71290,17349.904751,185109.8,103914.6,34,0,46601.776923,12532.5,120963.7,0.1214466461,0.561369731
6055,0,399120,60,6652,54.825462012,1,5.38,4063,8819,138032,14.802631579,1,0,0,1,6652.5,0,0,42435.311667,300,85656.2,20693.645824,264547.1,200487.6,60,0,22681.815385,16207.8,20826.4,0.9580688834,0.7578531088
6059,0,79824,12,6652,41.492128679,0,2.77,1597,8598,53921,5.9868421053,0,1,0,2,14557.5,0,1,49309.009677,300,121592.6,26233.474473,243074.8,205005,31,0,45650.527778,22069.7,73144.2,0.2728197388,0.8433830106
6063,1,320976,48,6687,59.816563997,0,0.29,85677,12541,1204953,8.2565789474,1,1,0,1,6687,0,0,49482.968,1000,130775,27435.70312,400580.1,305243.8,50,0,42887.938095,5400.7,141094.8,0.1421779787,0.7620049972
6064,0,14628,12,1219,45.092402464,1,1.88,3659,8743,157042,13.125,1,1,0,5,7778,1,1,32788.142157,200,52184.7,9015.7681651,226196.2,191293.4,102,0,35422.646154,24236.9,54677.6,0.0668792954,0.8456974711
6066,0,173808,24,7242,37.026694045,1,4.01,3460,8909,148545,12.598684211,0,0,0,1,7242,0,0,61218.658667,1000,134416.6,24967.39084,699587.9,540700,75,0,67919.689474,44750.9,174700,0.1243596275,0.7728839037
6072,0,193968,36,5388,21.856262834,0,3.8,9672,8994,226122,6.4802631579,0,0,0,1,5388.5,0,0,63579.217241,800,120567.3,30034.313436,286180,205400,29,0,74918.933333,39210.7,219169.2,0.0737502293,0.7177310863
6073,0,276300,60,4605,20.366872005,0,1.6,4484,9624,197099,16.019736842,1,0,0,2,8555,0,1,25997.563043,500,40755,6720.2175058,156608.8,129030.6,92,0,31092.505263,27578.1,23035.8,0.5996406063,0.8239050174
6075,1,129312,24,5388,24.405201916,1,4.64,5244,9753,149893,22.5,1,0,0,1,5388.5,0,0,45330.919737,-8657.3,116311.7,32759.949396,988727,730641.2,152,2,47393.16,17991.8,125225.8,0.1290757398,0.7389718912
6076,0,117420,60,1957,30.592744695,0,1.89,1660,8208,75685,7.0065789474,1,0,0,3,10010,0,1,40841.795349,500,68584.8,15410.39372,160489.6,135949.8,43,0,42388.313333,22465.8,75409.3,0.0778520215,0.8470950947
6077,0,79608,24,3317,23.394934976,0,2.79,2166,8254,105606,10.296052632,1,0,0,1,3317,0,0,69954.571698,800,125825.7,24870.232928,518282.4,360787.6,53,0,83870.44375,51088.6,135259.3,0.0735681709,0.6961222374
6078,0,170832,48,3559,28.191649555,0,3.13,1845,9045,58796,11.710526316,1,0,0,2,13208,0,1,65037.929231,700,121425,23103.489858,545820.7,473345.2,65,0,72918.504762,42248.8,159067.4,0.0671212243,0.867217628
6083,0,240528,48,5011,41.746748802,0,1.51,6079,9538,162580,18.453947368,1,0,0,1,5011.2,0,0,41135.010989,600,86334.9,18746.193752,594030.4,477089.8,91,0,23732.633333,5274.1,94932.2,0.1583501167,0.8031407094
6087,0,300660,60,5011,43.660506502,0,6.49,6949,9317,128118,10,1,0,0,4,12927.2,1,1,45854.890909,800,135175.2,30520.960807,358263,312253,66,0,26740.62963,7691,71242.6,0.211002504,0.8715751513
6088,0,90180,36,2505,36.681724846,0,1.62,1580,8594,72541,4.5394736842,1,0,0,2,6835.8,0,1,31516.346154,200,51813.7,14090.878545,73666,37100,13,0,39221.233333,32107.4,53002.6,0.1417774726,0.5036312053
6095,0,68340,60,1139,43.567419576,0,4.64,5244,9753,149893,20.296052632,1,0,0,2,10330,0,1,41735.420175,500,71564.8,11063.628902,538520.6,492364,114,0,41215.7,24220.1,85581.2,0.0399255937,0.9142901603
6097,0,202848,48,4226,57.138945927,1,4.73,3736,8369,127369,11.480263158,0,0,0,3,18601.3,0,1,37200.395946,800,82957.9,17835.976702,349107,273948,74,0,25095.0375,8379.9,98102.4,0.1292283605,0.7847113214
6103,0,149340,60,2489,30.767967146,0,2.79,2166,8254,105606,10.559210526,0,0,0,2,11243.3,0,1,29069.116071,500,53214,10432.344642,173575.3,147704,56,0,22474.572727,10014.4,52757.9,0.1415252583,0.850951426
6104,0,158184,36,4394,44.180698152,0,1.51,6079,9538,162580,16.348684211,1,0,0,1,4393.8,0,0,47679.973684,400,103426.7,21180.710273,405268.2,341819,95,0,29028.333333,24512,10065.9,1.3091797515,0.8434393731
6109,0,368880,60,6148,21.924709103,0,3.51,2247,8512,125832,19.407894737,1,0,0,4,10735,1,1,60030.743407,1100,151062.3,28681.808383,1106097.9,902740.2,182,0,77536.709375,41647.1,274472.1,0.0671973523,0.8161487187
6111,1,174744,24,7281,45.232032854,1,1.39,5198,8991,122603,5.3618421053,1,0,0,1,7281.3,0,0,37485.45625,1000,105628,28302.653143,213997.6,143643.8,32,0,21443.410526,9239.8,71801.6,0.3042005665,0.6712417745
6112,1,174744,24,7281,15.961670089,1,3.85,2616,9307,95616,14.868421053,1,1,0,4,18478.3,1,1,26252.814407,-1369.2,96659.4,23430.521918,438627.5,390563.6,118,3,6594.56,-1369.2,29207,0.7477918521,0.890422305
6113,0,78696,36,2186,26.253251198,1,3.8,9672,8994,226122,7.3684210526,1,0,0,5,5793,1,1,40292.341463,1000,56765.7,12443.954614,104609.6,54564.8,41,0,44352.567857,29598.7,39860,0.1645134586,0.5216087089
6118,0,349392,48,7279,43.260780287,0,3.73,3729,8720,161954,21.611842105,1,1,0,2,13621.3,0,1,59951.075172,900,142574.7,27491.435998,947771.1,859320.2,145,0,61432.75,24221.6,181124.8,0.1205612832,0.9066749274
6120,0,209184,48,4358,41.196440794,0,0.29,85677,12541,1204953,12.861842105,1,0,0,1,4358,0,0,46230.339706,1000,110583.8,19403.334951,513026.6,417416.8,68,0,44168,22169.2,109861,0.1190016748,0.8136361475
6130,0,32640,48,680,54.047912389,0,1.72,4085,9425,161854,15.855263158,1,0,0,3,4442,0,1,25906.409346,300,43206,7545.4663184,157742.7,138942.6,107,0,27058.766667,10057,31497.1,0.0647616992,0.8808186951
6136,0,140880,60,2348,40.79945243,0,3.13,1845,9045,58796,8.2565789474,1,0,0,2,13662,0,1,45160.511628,800,122247.8,26253.234958,239412.8,216014.4,43,0,29535.268421,8259.2,53864.3,0.1307657893,0.9022679561
6137,0,44628,12,3719,52.777549624,0,2.77,1597,8598,53921,20.921052632,0,0,0,2,15597,0,1,49477.321233,900,112689.5,22661.88378,1079599.8,860928,146,0,56772.66087,27979.8,143898.9,0.0775319853,0.7974512431
6142,0,221880,60,3698,53.560574949,1,3.39,2987,8899,81344,10.230263158,1,0,0,5,7239.8,1,1,44440.912676,1000,74216.8,13853.751837,247750.5,150225,71,0,42591.22069,23872.3,78166.9,0.1419216348,0.6063575801
6144,0,44376,12,3698,34.108145106,0,3.13,1845,9045,58796,5.3947368421,1,1,0,2,9746.8,0,1,53505.215385,800,124090,28278.245065,333102.3,190639.8,39,0,55045.15,18021.2,204758.7,0.0541800542,0.5723173562
6147,0,177504,48,3698,53.492128679,0,3.13,999,8402,51428,17.631578947,0,1,0,1,3697.8,0,0,44723.355814,14855.3,139525.4,35436.029353,425448.4,392700,86,0,19110.266667,16620.2,11626,0.9539943245,0.923026334
6150,0,83016,12,6918,15.34017796,0,3.73,3729,8720,161954,20.789473684,1,1,0,3,13818.3,0,1,67891.935204,700,136436.6,25921.044106,1348329.3,1197962.8,196,0,91662.172727,53146.6,208373.9,0.099598372,0.8884794772
6151,0,225420,60,3757,46.814510609,1,4.76,2112,8814,117897,10.263157895,1,0,0,1,3757,0,0,31185.156863,200,53271.6,9614.3623318,155236.5,122833,51,0,29055.644444,18666.1,41781.2,0.2697431086,0.7912649972
6153,0,285600,60,4760,15.063655031,1,3.85,2616,9307,95616,8.2894736842,0,0,0,1,4760,0,0,49651.891837,1100,126077.1,26473.421824,269184.3,141980,49,0,50368.904545,23994.4,94172.2,0.1516322769,0.5274470783
6157,0,98592,24,4108,32.024640657,1,0.56,3810,10124,92084,6.0197368421,0,0,0,2,14638.3,0,1,54128.565385,900,78713.7,19656.294381,162431.9,118560,26,0,64255.1875,41738.7,87109.4,0.1414723966,0.7299075495
6168,0,99216,36,2756,47.392197125,1,0.29,85677,12541,1204953,14.572368421,1,0,0,2,12876,0,1,57018.617442,300,124071.7,25880.047818,560689.8,496196.8,86,0,49819.264706,30810.9,11543.1,0.7160859511,0.8849758191
6169,1,103680,60,1728,23.707049966,0,2.41,1658,8388,95907,19.868421053,1,0,0,1,1728,0,0,28250.109174,500,46520.1,9371.3875797,227466.7,197239,109,0,21104.491304,5000.3,40144.6,0.1291235342,0.8671121219
6173,0,232560,48,4845,57.524982888,1,1.42,6604,10045,177686,20.723684211,0,0,0,5,9599,1,1,40175.6125,200,79286.6,15672.003047,658006.9,543702,176,0,45438.532258,20619.9,102421.1,0.1419099606,0.8262864321
6175,1,290700,60,4845,36.643394935,1,2.52,2564,8363,139012,12.894736842,1,0,0,1,4845,0,0,59647.424,-2825.2,129626.3,31590.330596,719516,662585.1,100,1,16704.38,-2825.2,36931.8,0.3935313038,0.9208762267
6178,0,232560,48,4845,25.45927447,1,4.75,18782,10673,323870,5.3947368421,0,0,0,1,4845,0,0,63188.633333,600,102665.9,26204.030675,197022.6,137000,27,0,70566.327778,39227.5,73882.3,0.1967238409,0.695353247
6185,0,31176,24,1299,27.40862423,0,0.29,85677,12541,1204953,5.6907894737,1,0,0,3,9855,0,1,46304.152174,700,65769.6,15340.950972,129137.7,78490.6,23,0,52665.54,32635.1,59558,0.0654287201,0.6078085036
6190,0,123600,60,2060,28.848733744,0,6.63,9878,10177,285387,9.7697368421,1,0,0,1,2060,0,0,39514.677551,300,105255.7,23277.873093,231224.8,170702.2,49,0,14827.5,13020,4280.3,1.4428127845,0.7382532572
6196,0,177804,36,4939,26.206707734,1,3.85,2616,9307,95616,13.914473684,1,0,0,1,4939,0,0,54375.023077,800,140728.2,27185.841612,635199.3,484660.6,91,0,45468.928571,17373.5,104544,0.141725731,0.7630059369
6202,0,65184,12,5432,36.796714579,0,1.95,2824,8980,75232,14.736842105,1,1,1,1,5432.3,0,0,47426.55,900,102410.3,18172.76825,524877.5,405346,82,0,39965.694444,25145.6,98274.3,0.1658165212,0.7722682487
6207,0,184620,60,3077,34.978781656,1,2.28,2080,8390,77917,19.934210526,1,0,0,2,12922.8,0,1,34785.534513,1100,65517.7,10154.957756,424319.4,345709,113,0,36311.533333,24476.2,65086.8,0.1418194556,0.8147381083
6210,1,87216,48,1817,29.930184805,0,3.13,1845,9045,58796,6.3157894737,1,0,0,1,1817.3,0,0,28362.248485,200,41410,8425.3326724,77528.3,52729.2,33,0,30873.48,20452.2,34522.4,0.1578837609,0.6801325434
6215,0,78720,48,1640,53.963039014,1,0.65,1029,8561,67298,12.401315789,1,1,0,2,6325,0,1,45921.198592,1000,66220.2,11738.935035,313917.1,247696.8,71,0,49880.42,34104.2,75605,0.0650724791,0.7890523038
6216,0,141240,24,5885,32.249144422,0,4.83,2123,8187,102609,12.763157895,1,1,0,5,15565.3,1,1,57219.57451,1000,107784.1,19476.293991,499448.5,388334.8,102,0,54350.796667,27037.6,107342.2,0.1644693941,0.777527658
6223,0,61056,48,1272,37.341546886,1,3.73,3729,8720,161954,11.414473684,1,0,0,3,7485,0,1,36039.051563,900,55816,9064.7803382,197445.5,163920.2,64,0,32975.517391,21258.1,49182.5,0.0775838408,0.8302056506
6227,0,28248,24,1177,24.673511294,1,1.51,6079,9538,162580,18.322368421,1,1,1,1,1177,0,0,45582.448936,400,69893,11726.617607,398113.6,364384.4,94,0,46126.23,33563.4,70695.5,0.0499444826,0.9152776613
6228,1,464520,60,7742,53.418206708,1,4.01,3460,8909,148545,8.4539473684,0,0,0,1,7741.8,0,0,51760.016176,200,125943.1,27848.686708,497102.3,289510,68,0,43871.446154,12514.7,194242.2,0.1195705222,0.5823960533
6229,0,11736,24,489,56.254620123,0,0.29,85677,12541,1204953,17.368421053,1,0,0,4,9460,1,1,42224.439098,1100,70826.8,11703.039771,414676.4,387691.8,133,0,37589.681481,26984.4,66627.9,0.022016812,0.9349262825
6232,1,276660,36,7685,45.018480493,0,4.69,2854,8772,124605,10.328947368,1,0,0,1,7685,0,0,19256.894828,500,32720.4,6029.3383127,111371,91587.6,58,0,19988.68,12507.3,39099.8,0.5895997218,0.8223664835
6234,0,5148,12,429,34.907597536,1,0.29,85677,12541,1204953,14.671052632,1,0,0,2,8950,0,1,43197.28125,1000,66177.3,13377.630979,324797.6,275500.4,80,0,41071.988889,25332.2,64780,0.019866323,0.8482222522
6235,0,321360,60,5356,22.800821355,0,1.39,5198,8991,122603,19.703947368,1,1,0,2,15964,0,1,52905.407143,700,116394.1,19287.974928,820039.6,618847,140,0,39283.340741,17799.6,124351.5,0.1292112469,0.7546553183
6237,1,407952,48,8499,23.518138261,1,3.13,999,8402,51428,15.723684211,1,0,0,1,8499,0,0,14785.585897,-1449.6,29696.8,6609.171562,140084.5,129320.6,78,0,12229.192308,7704,19731.7,1.2919882238,0.9231619261
6239,1,360864,48,7518,20.24366872,1,2.95,2640,8546,77963,12.302631579,0,0,0,1,7518,0,0,52871.424419,500,135384,31203.091128,620549.4,494840,86,0,37522.733333,3223.7,139324.6,0.1618774744,0.7974227396
6242,0,26208,36,728,24.309377139,1,2.82,818,8843,45714,4.2434210526,1,0,0,2,3883,0,1,27419.85,1000,43947.8,12688.119619,45747.8,8100,12,0,33190.022222,20360.4,25433.8,0.0858598566,0.1770756829
6244,1,270648,36,7518,57.522245038,0,0.29,85677,12541,1204953,10.098684211,0,0,0,1,7518,0,0,60819.976389,200,134501.4,29717.344573,492006.6,441010,72,0,72076.396296,20235.1,204583.7,0.1102417704,0.8963499751
6249,0,67608,24,2817,34.080766598,1,1.6,18721,9897,387570,6.2171052632,1,0,0,2,13686.3,0,1,30181.317391,200,54658.1,11585.481244,115289.4,98083.6,23,0,32715.130769,17205.7,59427.9,0.1421987552,0.8507612082
6253,0,59760,24,2490,36.344969199,0,4.75,18782,10673,323870,10.263157895,1,1,0,2,10337,0,1,40204.464815,300,69643.1,12827.193914,244535.8,203402.6,54,0,41126.704762,26482.4,69648.5,0.1072482287,0.8317913705
6254,0,247920,48,5165,55.493497604,1,6.43,5323,9675,125236,13.552631579,1,1,0,2,14688.2,0,1,54799.856627,1000,110892.1,24844.513822,471108.2,416461.4,83,0,67529.477273,20059.8,90886.6,0.1704815512,0.8840039634
6255,1,247920,48,5165,39.608487337,1,5.77,3244,8110,106054,8.9144736842,1,0,0,1,5165.2,0,0,23594.146667,200,31595.5,7544.8029658,35090,11100,15,0,24558.533333,23327,994.5,15.533834586,0.3163489214
6272,0,398640,60,6644,34.46954141,1,4.75,18782,10673,323870,16.842105263,0,0,0,1,6643.7,0,0,63383.575581,400,121689.5,21947.881092,741435.8,663060,86,0,64982.772727,29272.1,140268.6,0.1420957628,0.8942920017
6278,0,87360,24,3640,59.942505133,0,3.85,2616,9307,95616,7.2697368421,1,1,0,2,10913.5,0,1,69963.484058,200,134714,26296.557278,593765.1,444131.6,69,0,72268.825,26354.3,195162.8,0.0559524261,0.7479925176
6279,0,87360,24,3640,31.934291581,0,7.08,2653,8965,85852,10.559210526,1,1,0,1,3639.5,0,0,36783.95,200,69174.6,13552.44949,136713.2,99529.2,30,0,40692.525,28934.4,35991.2,0.3033822116,0.7280165484
6283,0,85632,48,1784,47.112936345,1,1.6,4484,9624,197099,16.25,1,0,0,1,1784.5,0,0,65066.735294,800,156504.1,26945.910381,697341.9,591946,85,0,66643.683333,49513.8,119468.8,0.0447971823,0.8488607255
6294,0,79920,60,1332,41.618069815,0,2.64,6041,10787,170449,14.572368421,1,1,0,3,7902,0,1,43846.977895,700,74199.5,11483.013285,381737.6,350466,95,0,47845.107407,31271.6,61692.9,0.0647692959,0.9180811162
6296,0,270384,48,5633,34.099931554,0,1.95,2824,8980,75232,14.375,1,0,0,2,18708.8,0,1,47654.244828,700,91294.4,18202.539793,568470.1,453606,87,0,38458.231818,17837.8,124854.3,0.1353465116,0.797942059
6297,0,17508,12,1459,48.317590691,0,3.83,3804,8754,107870,14.802631579,1,1,1,1,1459,0,0,39290.618056,900,54432.3,9324.2099816,198353.1,150326,72,0,41003.523529,35724.3,35666.6,0.1227095342,0.7578719069
6302,0,181020,60,3017,30.212183436,1,1.78,1655,9060,78955,18.125,1,0,0,1,3016.7,0,0,34005.906452,500,60475.3,9801.6806445,359492.8,281889.8,93,0,33999.721053,26905.3,54701.1,0.1654537777,0.7841325775
6303,1,72408,24,3017,37.618069815,1,3.52,1328,8930,51313,4.1447368421,0,0,0,4,17875.7,1,1,45099.261538,700,83619.5,19929.621714,109163.9,72800,13,0,40138.128571,25252.5,25544.4,0.3542826276,0.6668901817
6306,0,36684,12,3057,16.470910335,1,6.63,9878,10177,285387,20.756578947,1,0,0,1,3057,0,0,30229.7976,700,50774.2,7937.353316,315586.8,280493.6,125,0,31750.044444,22241,44284.8,0.2070773441,0.8888005176
6309,0,110136,24,4589,38.36550308,1,0.29,85677,12541,1204953,18.190789474,1,0,0,2,9480.2,0,1,50815.804762,400,140542.8,29147.984917,387680.2,346933.6,63,0,37995.676471,15030.9,75247.9,0.182947978,0.8948966316
6310,0,34572,12,2881,20.960985626,1,0.29,85677,12541,1204953,7.5,1,0,0,1,2881,0,0,60619.16,1100,121367.5,27985.493468,309027.1,188058.4,40,0,52955.363158,22824.5,80545,0.107302478,0.6085511318
6312,0,10944,36,304,46.877481177,0,6.43,5323,9675,125236,21.677631579,1,0,0,4,3054,1,1,22935.072121,300,34557.9,5128.061515,143783.3,114748.2,165,0,25481.676923,21175.5,24453.3,0.0372910048,0.7980648791
6313,0,150912,36,4192,21.957563313,1,4.83,2123,8187,102609,10.953947368,1,1,0,1,4192.5,0,0,52250.261194,700,111219.3,24634.963972,362250.7,257631.4,67,0,39426.653333,21435.3,52930.8,0.2375797694,0.7111972145
6315,0,43164,12,3597,18.600958248,1,4.76,2112,8814,117897,11.940789474,1,0,0,1,3597,0,0,68377.063768,800,120071.4,22291.654033,505169.9,415216.8,69,0,65446.024,30235,136418.5,0.079100435,0.8219353094
6316,1,76908,12,6409,47.901437372,1,4.64,5244,9753,149893,15.953947368,1,0,0,1,6408.8,0,0,52890.403922,1100,126002.8,23250.780435,666797.7,549475.2,102,0,36690.147059,7888.6,66781.2,0.2878974368,0.8240510967
6320,0,104964,12,8747,31.82477755,0,2.95,2640,8546,77963,21.184210526,1,0,0,2,17353,0,1,41026.331452,500,67027.5,10342.270599,432869.1,400075.6,124,0,38015.457895,31317.8,58782.4,0.4463863476,0.9242417067
6321,0,38496,12,3208,34.269678303,1,2.26,4289,9920,94725,12.828947368,1,1,0,1,3207.8,0,0,42732.336111,800,92238,27353.589391,186652.5,94429.2,36,0,71709.242857,34373.9,110578.8,0.0870305964,0.5059117563
6322,0,76992,24,3208,31.846680356,0,4.75,18782,10673,323870,4.5723684211,1,1,0,1,3207.8,0,0,61992.3,900,112175.5,25699.739128,285647.3,198058.4,35,0,53250.047368,27024,84757.2,0.1135438567,0.6933680333
6336,0,212400,36,5900,27.748117728,1,7.08,2653,8965,85852,12.861842105,0,0,0,1,5900,0,0,51034.361972,300,133215.2,27309.501086,433316.2,343370,71,0,58723.742105,27728,114148.8,0.1550566877,0.7924241179
6338,0,390660,60,6511,19.148528405,1,0.29,85677,12541,1204953,10.131578947,1,1,0,2,17265.7,0,1,63544.645679,300,164909.5,30163.746045,668498.9,607542.2,81,0,46175.269565,20381.2,115499,0.1691139547,0.9088156932
6342,1,60156,36,1671,19.364818617,0,1.12,1874,8427,93931,7.5657894737,1,0,0,3,7176,0,1,72667.635714,400,159712.8,34206.987415,480580.3,390578.4,56,0,83874.096774,41876.3,297880.4,0.0168287323,0.8127228421
6346,0,100260,60,1671,29.891854894,0,0.29,85677,12541,1204953,22.5,1,1,0,1,1671,0,0,40047.083871,1000,106481.5,21019.117674,345370.3,201558.4,62,0,50602.395,2491.6,176021.6,0.028478974,0.5836020538
6350,0,294384,48,6133,31.022587269,1,1.6,18721,9897,387570,18.190789474,1,0,0,1,6133,0,0,61692.077519,1100,135487.1,26376.133505,958974.5,773119,129,0,75634.954167,39304.5,203655.7,0.0903423227,0.8061936932
6353,0,116496,24,4854,39.485284052,0,4.76,2112,8814,117897,22.5,1,0,0,1,4853.8,0,0,41285.018333,600,84726.8,14317.074487,703252.7,545448.2,120,0,42660.758824,20807.5,102457.6,0.1421229233,0.775608006
6354,0,22968,36,638,46.313483915,1,1.12,1874,8427,93931,3.9473684211,1,0,0,4,4243,1,1,23324.936364,1000,38831,11195.573958,42431,3600,11,0,27379.922222,17355,33276,0.0575137474,0.0848651961
6355,0,127200,48,2650,32.232717317,0,1.02,3384,8867,88768,15.559210526,1,0,0,3,15457.2,0,1,28863.030526,400,52868.8,9001.2346133,301298.6,262220,95,0,31847.157143,20461.6,61095.4,0.1301179736,0.870299861
6356,0,95400,36,2650,22.439425051,0,3.85,2616,9307,95616,8.8157894737,0,0,0,1,2650.2,0,0,41562.323404,200,92354.8,23576.743344,257545,204080,47,0,45949.529412,27562,54029.2,0.1471344865,0.7924060168
6357,0,64860,60,1081,19.030800821,1,7.08,2653,8965,85852,18.453947368,1,0,0,4,4549,1,1,44890.033333,200,67060,9089.0120469,285358.5,231136.4,132,0,45289.02,38586.5,47475.4,0.0683047449,0.809986701
6358,1,137880,60,2298,31.540041068,0,3.8,9672,8994,226122,15.986842105,0,0,0,1,2298.2,0,0,24523.073034,200,52658.4,11727.066049,278052.9,199930,89,0,23287.338095,12011.2,54745.6,0.1259210281,0.7190368486
6362,0,37908,12,3159,19.331964408,1,1.29,2719,8544,145688,15.131578947,1,0,0,1,3159,0,0,42164.027632,800,69530.4,12938.940496,307505.7,232846,76,0,52225.121429,42602,57286.2,0.1654238495,0.7572095177
6377,0,17184,12,1432,52.709103354,1,0.29,85677,12541,1204953,10.197368421,1,0,0,4,5424,1,1,29906.531429,400,44504.8,8582.0565052,151732.9,110959.6,70,0,27913.851613,17164.6,40347.4,0.106467346,0.7312841758
6386,0,124344,36,3454,17.831622177,1,1.72,4085,9425,161854,20.394736842,1,0,0,4,13770,1,1,25654.378378,321,103753.3,18425.108483,495751.6,421920.2,148,0,33877.765385,17963,103666.5,0.0999522521,0.8510720872
6399,0,49320,36,1370,31.474332649,0,3.45,1879,8441,110643,13.980263158,1,0,0,3,5935,0,1,35987.262963,900,49729.2,8500.9999003,169368.3,142681.4,81,0,33015.919048,26345,36692.5,0.1120028341,0.8424336642
6402,0,139488,24,5812,29.431895962,0,1.95,2824,8980,75232,18.848684211,0,0,0,1,5811.7,0,0,46755.305769,1100,95976,22242.034248,700815.6,568920,104,0,60022.676471,33618.1,105423.9,0.1653847358,0.8117972662
6403,0,194880,48,4060,16.429842574,0,4.75,18782,10673,323870,18.157894737,1,1,0,2,8644.5,0,1,36421.425664,300,71138.8,13195.884796,478122.4,377494.4,113,0,39420.733333,26945.6,73577.6,0.1655327627,0.7895355049
6407,0,25944,24,1081,33.900068446,1,3.32,6445,9832,118650,8.5526315789,1,1,0,1,1081,0,0,56927.454054,600,80155.2,17426.036798,232737.4,163338.4,37,0,62244.353333,42000.5,73389.2,0.044187257,0.7018154288
6415,0,475680,48,9910,30.620123203,1,3.33,5796,9198,159617,4.0460526316,1,1,0,2,18471,0,1,40812.491667,700,70405.3,20009.133167,103405.4,56900,12,0,49164.877778,23197.3,79972.4,0.3717393098,0.5502657476
6421,0,96768,36,2688,28.065708419,1,7.08,2653,8965,85852,11.973684211,1,0,0,2,15854.5,0,1,51611.342424,900,117830.9,22929.243814,455757.7,406171.2,66,0,48049.044444,13202.4,66522.2,0.1212172229,0.8912001022
6435,0,288720,48,6015,53.960301164,0,2.51,3496,8541,121947,5.6578947368,1,1,0,1,6015.3,0,0,54677.280952,400,102188.4,22227.416324,235803,133614.6,21,0,61905.384615,48050.4,126949.2,0.1421401126,0.5666383946
6436,0,495180,60,8253,18.891170431,1,6.6,1103,8173,42821,7.3026315789,1,1,0,1,8253.2,0,0,44813.422581,600,111650.4,28179.088479,372964.7,338729.2,31,0,38118.472222,12850.4,149078.4,0.1660770559,0.9082073767
6437,1,63972,36,1777,50.360027379,0,1.88,3659,8743,157042,3.7828947368,0,0,0,1,1776.7,0,0,21532.345455,300,39052.7,11004.952725,46252.6,7200,11,0,25066.2,14060,35292.6,0.1510386564,0.1556851791
6442,0,194160,48,4045,52.607802875,1,3.73,3729,8720,161954,17.105263158,1,0,0,5,11885,1,1,28548.365414,900,48106.2,7771.5362831,238028.2,208314.2,133,0,27170.583333,14303.6,50934,0.2382354673,0.8751665762
6450,0,234336,48,4882,26.943189596,1,0.29,85677,12541,1204953,21.677631579,1,0,0,4,17412.5,1,1,42818.502959,1000,90490.8,18387.004646,712532,593986.2,169,0,35848.995652,19908.4,104367.5,0.1403270081,0.8336276355
6456,0,47016,12,3918,36.440793977,1,1.79,2854,8369,112709,7.8618421053,0,0,0,2,18499.2,0,1,60382.085714,200,112901.6,23888.321559,286683.4,222424,42,0,68390.968182,37588.5,124227.8,0.0946142181,0.7758531682
6460,0,48672,36,1352,46.349075975,1,1.88,3659,8743,157042,13.651315789,1,0,0,5,4250,1,1,23050.189691,300,33484.4,5423.5875765,88063.5,64953.4,97,0,25182.715385,23024.6,15346.3,0.264246578,0.737577571
6461,0,74124,36,2059,57.221081451,1,3.83,3804,8754,107870,17.401315789,0,0,0,4,5921,1,1,54371.29918,400,159765.9,30062.389743,563270.3,537612,122,0,35959.5375,23285.7,60896.2,0.1014299038,0.9544477058
6464,0,49488,24,2062,56.791238877,1,5.93,4980,8678,161227,7.1381578947,1,1,0,1,2062,0,0,50541.553125,300,79862.9,18485.312833,185726,80743.8,32,0,52301.65,36517.7,64817.1,0.0954333609,0.4347499287
6468,0,203940,60,3399,43.416837782,1,0.29,85677,12541,1204953,11.776315789,1,0,0,2,9509,0,1,42000.788889,400,72580.1,13429.797196,288598.9,237517.6,54,0,43657.4125,26731,74764,0.1363836987,0.8230030572
6469,0,99744,24,4156,27.381245722,1,2.26,4289,9920,94725,17.203947368,0,0,0,2,12245.5,0,1,40126.968627,700,79967.9,16479.640951,478321.8,318617,102,0,51773.278261,32529.7,90783.3,0.1373334964,0.6661150169
6470,0,49872,12,4156,30.877481177,1,4.01,3460,8909,148545,22.5,0,0,0,5,10137.5,1,1,50265.36186,600,111451.1,22598.989372,686516.2,590301,215,0,84849.138235,58690.9,168927.3,0.0738055873,0.8598502703
6471,0,155640,24,6485,53.095140315,1,3.85,2616,9307,95616,13.552631579,1,0,0,5,12765,1,1,45183.349524,500,72838.9,13513.470301,324426,283931.4,105,0,49493.424,35676.1,58022.4,0.3352842031,0.8751811656
6474,0,63360,60,1056,39.93155373,0,1.89,1660,8208,75685,20.986842105,1,0,0,2,6450,0,1,29108.363866,700,40733.8,6107.7069162,202133,176497.6,119,0,29369.752941,23041.8,19544.9,0.1620634442,0.8731762098
6486,0,152160,60,2536,49.541409993,1,2.38,1003,8114,74062,20.789473684,1,0,0,2,11671.7,0,1,28077.731405,500,56534.6,9880.2466234,359876.2,321109.6,121,0,23503.63,7072.6,53558.2,0.1420431208,0.8922782549
6490,0,73260,60,1221,56.613278576,1,6.63,9878,10177,285387,5.3947368421,1,0,0,3,9996,0,1,33927.085714,900,58294.8,12947.809488,98912.6,70874.6,21,0,38470.515385,28038,43204.4,0.0847771447,0.7165404959
6495,0,49044,12,4087,44.6954141,1,0.45,3475,9622,75637,5.4276315789,1,0,0,2,8689.8,0,1,49296.522727,400,105561,25514.535101,193616,168435.2,22,0,54215.56,25180.7,105357.7,0.1163716642,0.8699453044
6499,0,80952,24,3373,48.514715948,0,0.29,85677,12541,1204953,10.296052632,1,0,0,2,10638.7,0,1,33312.538889,1100,67529.6,12270.895742,228693.9,152117.6,54,0,33058.010526,21156.8,71222.5,0.1420699047,0.6651595641
6501,1,30276,12,2523,56.829568789,1,1.51,2299,9104,103347,12.763157895,1,0,0,1,2523.2,0,0,31318.872826,1000,58621.4,12216.346327,243755.4,190516.8,92,0,26835.8375,11505.8,53964.4,0.1402513369,0.7815909654
6502,0,30276,12,2523,35.438740589,0,4.09,5623,9893,228848,16.381578947,1,0,0,4,10614.2,1,1,61588.337195,900,116439,22716.440104,1008878.1,914188.4,164,0,68219.688889,27846.6,161254.8,0.0469372644,0.9061436598
6508,0,110736,48,2307,57.798767967,1,3.13,999,8402,51428,8.3552631579,0,0,0,4,9666.8,1,1,30696.238182,13026.6,55991.1,11380.741723,148382.3,107891,55,0,24766.111538,13026.6,49747.9,0.1391130613,0.7271168656
6509,0,55368,24,2307,54.704996578,1,1.6,4484,9624,197099,11.907894737,1,0,0,1,2306.8,0,0,46061.319388,200,113350.7,24131.838912,432628.6,264246,98,0,19824.411538,2235.7,74948.4,0.0923398362,0.6107926966
6512,0,63312,48,1319,37.900068446,1,3.52,1328,8930,51313,13.223684211,1,0,0,3,4096,0,1,22551.779268,500,31462.9,5522.432869,96737.2,68183.8,82,0,24357.790476,17502.8,19681.8,0.2010180444,0.7048384196
6520,0,91200,24,3800,38.707734428,1,7.34,4947,10446,119895,7.5986842105,1,0,0,2,14078.8,0,1,32558.533333,700,76736.9,15743.433555,196349,125480.8,36,0,28178.886364,8884.6,69512.1,0.1639931468,0.6390720652
6526,0,288468,36,8013,36.509240246,1,3.79,1562,8288,86513,4.1776315789,1,0,0,1,8013,0,0,36999.523529,600,71939.2,16205.721811,95840.5,47000,17,0,44811.458333,33082.1,72691.5,0.330685265,0.4904034265
6534,0,590820,60,9847,30.302532512,0,1.6,18721,9897,387570,17.138157895,1,0,0,3,16919,0,1,27937.978378,300,45146,7850.9468927,286298.8,255439.2,111,0,27289.7375,16833.3,59411.5,0.4972018615,0.8922122894
6535,0,41952,12,3496,23.33744011,0,1.72,4085,9425,161854,13.980263158,1,0,0,4,7603.8,1,1,41502.025714,500,71527,13263.348752,321582.8,260726,105,0,40944.369231,24553,63436.6,0.1653226061,0.8107591241
6539,0,12792,12,1066,25.026694045,1,4.69,2854,8772,124605,13.585526316,1,0,0,2,5178,0,1,28534.937179,900,42247.1,7374.8219698,118859.8,80739.4,78,0,36734.577778,29740.2,30935.4,0.1033666899,0.6792853489
6540,0,309600,48,6450,20.501026694,0,3.8,9672,8994,226122,11.447368421,0,0,0,1,6450.2,0,0,58185.589286,400,112363.1,20963.728475,467021,390380,56,0,59041.131579,35488.1,135943.1,0.1423358228,0.8358942405
6541,0,153504,48,3198,22.130047912,0,3.24,2595,8444,108871,16.513157895,1,0,0,3,10074.8,0,1,33651.103604,300,65101.8,12123.175982,359354.5,325348.2,111,0,29156.444,18988.6,67508.2,0.1421097536,0.9053686391
6544,0,130464,48,2718,23.446954141,0,1.12,1874,8427,93931,21.842105263,1,0,0,5,8742,1,1,53546.708901,1000,132087.5,24632.060431,797971,671029.6,191,0,55916.651515,30375.2,118335.1,0.0689042667,0.8409199822
6545,0,191880,60,3198,46.447638604,0,1.51,2299,9104,103347,8.9473684211,1,0,0,3,13321.8,0,1,53685.786207,400,128539.4,26747.651934,566208.9,406308.8,87,0,61328.521212,13848.8,235848.4,0.0406781558,0.7175957185
6546,0,31728,24,1322,44.736481862,0,0.29,85677,12541,1204953,18.684210526,1,0,0,2,7342,0,1,31139.747863,600,56122.8,9913.0229163,319027.3,286224.4,117,0,25991.157692,14413.3,51775.6,0.0765953502,0.8971787142
6550,0,320592,48,6679,25.880903491,1,1.29,2719,8544,145688,15.296052632,1,1,0,1,6678.7,0,0,60781.306818,500,117827.8,21161.108237,645092.7,475346,88,0,56550.861905,33264.2,121003.3,0.1655864199,0.7368650477
6552,0,170448,48,3551,54.524298426,1,4.09,5623,9893,228848,15.559210526,1,0,0,2,13180,0,1,39297.335294,1000,73025.1,12622.471305,373246.6,331590.6,85,0,38010.857895,22836.8,77971.4,0.136621763,0.8883957995
6553,0,42384,12,3532,56.572210815,1,6.49,6949,9317,128118,15.625,1,0,0,3,6934,0,1,48865.984091,700,123072,24319.344887,567076.3,463015.8,132,0,45631.846667,23454.4,81724.4,0.1296505211,0.8164967986
6554,0,390096,48,8127,18.581793292,0,1.79,2854,8369,112709,5.3618421053,1,1,0,2,17524,0,1,44346.15625,900,77467,20389.130044,134078,89800,16,0,54967.5,37507,84896.5,0.2871748361,0.6697618568
6562,0,94488,24,3937,38.721423682,0,0.29,85677,12541,1204953,7.9934210526,1,0,0,3,12797.3,0,1,60311.766667,800,105964.6,25093.343211,419905.6,342247.6,66,0,57529.610714,9340.7,155267.6,0.0760672014,0.8150588726
6568,0,220440,60,3674,42.655715264,1,4.83,2123,8187,102609,21.085526316,0,0,0,2,12091.7,0,1,38280.102667,600,99990.9,18059.022446,292510.9,252688,75,0,40248.668,18569.7,80178.2,0.1374636448,0.8638588721
6569,0,45456,12,3788,50.907597536,1,2.77,1597,8598,53921,10.822368421,1,1,0,1,3788.3,0,0,39247.3875,1000,80996.4,18467.464555,277065.2,202987.6,56,0,41691.452941,30335.8,68644.7,0.1655408703,0.7326357383
6571,0,140064,24,5836,47.863107461,1,3.13,999,8402,51428,22.138157895,0,1,0,1,5836,0,0,66051.94507,200,107275.7,20781.866702,1014708.1,768240,142,0,70326.510526,42221.1,129202.1,0.135505487,0.7571046717
6574,0,77544,36,2154,55.471594798,1,1.67,2159,8507,88884,12.697368421,1,1,0,2,12313.8,0,1,37934.865625,700,122450.5,22908.162966,356453,290896.8,64,0,23798.810526,2860.6,68423.2,0.0944375108,0.8160879104
6577,0,51696,24,2154,25.691991786,1,4.75,18782,10673,323870,13.026315789,1,1,0,1,2153.8,0,0,58226.504902,600,124339.4,26115.030058,728065.9,576460.6,102,0,45650.269231,20808.9,140882,0.0458671966,0.791770097
6578,0,27984,12,2332,46.444900753,0,2.52,2564,8363,139012,17.072368421,0,0,0,2,10549,0,1,30639.863158,500,82352.4,16237.333802,286194.4,230240,76,0,31260.063158,10204.2,73164.2,0.0956166151,0.8044888213
6580,0,196080,48,4085,35.890485969,0,1.79,2879,8624,87419,7.5986842105,1,0,0,1,4085,0,0,49143.965957,900,97457.4,23182.396612,289532.4,174873,47,0,47158.329412,22037.1,78058,0.1569926083,0.6039855851
6585,0,372120,60,6202,51.329226557,0,1.6,4484,9624,197099,21.809210526,1,1,1,1,6202,0,0,64044.04593,500,128495.4,25895.912356,1328950.6,1160092,172,0,51337.3,31197.8,85500.5,0.2176051273,0.8729384878
6589,0,189696,24,7904,50.502395619,0,3.13,999,8402,51428,8.7828947368,0,0,0,4,11843.8,1,1,54137.105618,700,125386.9,23400.63444,559759.2,436592,89,0,50652.068966,27394,122722.7,0.1932113649,0.779964349
6591,0,20832,48,434,46.590006845,0,7.08,2653,8965,85852,18.092105263,1,0,0,5,6137,1,1,21368.909934,500,41997.9,5923.7747085,197615.9,179743.4,151,0,19438.25,8184.6,35997,0.0361666667,0.9095598605
6594,1,189696,24,7904,24.24366872,1,3.45,1879,8441,110643,4.4078947368,1,0,0,3,11584.8,0,1,14900,600,22500,8889.0381932,22500,0,5,0,20600,19000,10400,2.2793424974,0.0000444425
6596,0,91584,24,3816,42.984257358,1,5.75,4650,8705,133777,6.9407894737,1,0,0,1,3816,0,0,50765.416129,1000,83039.4,18234.741089,257465.2,154129.2,31,0,51843.010526,33392.4,112369.7,0.1018752775,0.5986424626
6598,0,68112,12,5676,17.549623546,1,1.02,3384,8867,88768,17.5,1,0,0,4,15012,1,1,47220.134014,300,111588.8,19532.468493,747246.1,575036.8,147,0,46945.112121,17186.1,133949.6,0.1271195931,0.7695416951
6599,0,72120,12,6010,44.386036961,1,2.52,2564,8363,139012,20.263157895,1,1,1,1,6010.2,0,0,75686.065686,1000,109338.9,20598.002308,782536.9,608619,102,0,75699.15,37375.9,109089.5,0.1652725898,0.7777514674
6600,0,21852,36,607,41.270362765,0,6.43,5323,9675,125236,5.5592105263,1,1,0,5,9564,1,1,38509.05,700,60863.2,15001.855573,104539.9,61640.6,18,0,46398.918182,39854.4,55976.5,0.0325297654,0.5896409922
6605,0,79344,48,1653,46.288843258,1,1.79,2879,8624,87419,18.651315789,1,0,0,2,5957,0,1,23918.494286,300,39445.1,6320.3789984,159268.3,129264.4,105,0,26414.305263,23162,22893.7,0.2165814288,0.8116152956
6607,0,153144,36,4254,28.306639288,0,0.65,1029,8561,67298,18.421052632,1,1,0,3,11738.7,0,1,58553.677193,300,133011.5,25207.97793,1078143,858078.2,171,0,59869.307407,32084.1,178417.3,0.0715277354,0.7958855218
6612,0,97392,12,8116,37.166324435,0,6.63,9878,10177,285387,13.157894737,1,0,0,2,14443.2,0,1,36685.091358,200,127421.2,24192.130518,380798.2,356116,81,0,17820.723077,6146.2,29606.5,0.8223036525,0.9351831621
6613,0,84120,24,3505,46.228610541,1,6.6,1103,8173,42821,3.4539473684,0,0,0,1,3505,0,0,56910.689474,900,89570.9,24271.624058,172282.9,108330,19,0,62711.888235,32044.9,157981.9,0.0665569937,0.6287935205
6621,0,42900,12,3575,32.952772074,0,2.51,3496,8541,121947,21.25,1,1,0,3,15794,0,1,50590.532,500,155065.5,30497.265818,1046385,925504.8,175,0,76183.872727,37672.7,244921.6,0.0437889865,0.8844783856
6624,0,71460,12,5955,49.248459959,0,1.88,3659,8743,157042,10.723684211,1,0,0,2,13223,0,1,47991.530233,200,82549,19235.729601,262679.5,180130.4,43,0,42440.155556,18825,87687,0.2037290455,0.685743327
6625,1,473280,60,7888,30.187542779,1,1.6,18721,9897,387570,8.3552631579,1,0,0,1,7887.7,0,0,52777.34186,500,109736.4,27659.861928,209953.5,163673,43,0,43635.973684,25584,36416.2,0.6497671558,0.7795689066
6632,0,144960,48,3020,30.811772758,1,3.39,2987,8899,81344,19.769736842,1,0,0,2,10178,0,1,64162.669178,700,144853.8,23329.248679,1004343.4,897134.2,146,0,49385.305263,20445,77564.4,0.1168016461,0.893254545
6633,0,160656,24,6694,27.600273785,1,0.56,3810,10124,92084,21.414473684,1,0,0,1,6694.2,0,0,52422.491096,400,173151,30895.46729,935086.3,718777.4,146,0,41272.728571,6723.2,171314.8,0.1172207441,0.7686751815
6641,0,128268,36,3563,55.192334018,0,3.33,5796,9198,159617,5.5921052632,1,1,0,1,3563,0,0,47029.538889,700,75427,20089.417653,133238.4,84914.6,18,0,58818.209091,48127,84400.7,0.1266413676,0.6373159891
6642,0,77640,12,6470,26.929500342,0,0.65,1029,8561,67298,10.953947368,0,0,0,1,6469.7,0,0,55570.305,700,117489.5,23174.951837,413086.9,312880,60,0,65109.705882,30825.8,78597.1,0.2469462507,0.7574199099
6643,0,35856,24,1494,30.551676934,1,1.51,6079,9538,162580,17.072368421,1,1,0,2,6709,0,1,55660.655789,600,81244.2,13977.180084,415868.9,338535.2,95,0,66283.2,44130.9,77901.7,0.0575318306,0.8140435266
6644,0,93600,24,3900,24.303901437,0,3.39,2987,8899,81344,10.131578947,1,1,0,4,8815.5,1,1,40078.707273,900,96108.3,21469.63034,229169.3,202933.4,55,0,31558.126087,18309.5,21243.9,0.5506685681,0.8855178878
6645,0,140400,36,3900,53.349760438,0,4.75,18782,10673,323870,12.894736842,1,1,0,1,3900.5,0,0,43563.62,400,115000.2,18981.790976,261444.7,233173,45,0,34808.771429,26565.4,45473.9,0.2572734729,0.8918639702
6647,0,208320,48,4340,25.916495551,1,3.52,1328,8930,51313,15.756578947,0,0,0,1,4340,0,0,43944.889412,200,82981.9,16039.860836,423055.2,324530,85,0,52955.442105,36300.7,78849.3,0.1651188361,0.7671108472
6650,1,49320,12,4110,48.632443532,1,1.39,5198,8991,122603,5.4934210526,0,0,0,3,16372,0,1,46576.277551,900,126833,24439.877181,266271.6,234710,49,0,43604.364286,13173,79747.6,0.1546069873,0.8814688406
6655,1,260400,60,4340,47.296372348,1,3.33,4355,8746,182027,18.322368421,1,0,0,3,16221,0,1,37448.404724,600,111670.7,22540.647195,635745.2,579120,127,0,33739.128571,4080.6,39439.6,0.3300999427,0.9109311231
6659,0,56100,60,935,37.639972621,0,1.6,18721,9897,387570,13.322368421,1,0,0,2,7151,0,1,20158.001471,1000,45346.1,8426.8322118,138828.1,123420.8,68,0,14942.305,9184.5,34011.7,0.0824643463,0.8890196652
6660,0,220428,36,6123,34.855578371,0,5.77,3244,8110,106054,5.4605263158,1,0,0,2,11788,0,1,60165.795,600,105524.2,24445.209944,254668.1,206179.6,20,0,64447.676923,37324.2,138795.9,0.1323425474,0.8096019501
6665,0,99300,60,1655,24.123203285,1,3.24,2595,8444,108871,22.072368421,1,0,0,3,8107,0,1,39110.670833,600,60868.8,10455.933721,454103.8,421904.2,144,0,34257,23009.4,65625.1,0.0756535691,0.9290921391
6667,0,155880,24,6495,28.038329911,1,4.46,4147,9065,114006,21.085526316,1,1,0,2,14799.8,0,1,63263.147183,1000,164648.6,26666.145799,891122.4,774713.6,142,0,67245.409524,44564.6,146212.3,0.1332623877,0.8693684848
6668,0,74736,36,2076,29.07871321,0,2.28,2080,8390,77917,13.125,1,1,0,2,8260,0,1,37912.998507,700,62084,10605.688113,291052.7,257808.8,67,0,35171.566667,24393.9,72447,0.0859627329,0.8857808714
6675,0,238716,36,6631,33.336071184,0,1.78,1655,9060,78955,16.546052632,0,0,0,3,18316.7,0,1,65133.535849,1000,115150.5,20947.36383,686393.2,603354,106,0,68058.745455,38298.3,120250.8,0.1654251259,0.8790211223
6676,0,29784,24,1241,25.94934976,1,2.64,6041,10787,170449,4.1118421053,1,0,0,3,5827,0,1,27626.083333,200,49220.3,13131.977126,60620.2,22700,12,0,33280.555556,20153.4,40526.2,0.0918596962,0.3744729567
6677,0,97980,60,1633,17.11430527,1,2.82,818,8843,45714,20.493421053,1,0,0,3,7356,0,1,24067.29854,700,46398.6,7369.3344274,259220.4,243181.6,137,0,20946.178261,11603.5,38812.9,0.126211166,0.9381270219
6678,0,80340,12,6695,17.883641342,1,0.29,85677,12541,1204953,10.493421053,1,1,0,1,6695,0,0,61531.590385,1100,122523.5,26678.258714,446745.7,331073,52,0,66299.92,38213.6,123306,0.1628834878,0.7410776621
6682,1,36204,12,3017,59.745379877,0,4.83,2123,8187,102609,15.723684211,1,0,0,1,3017.2,0,0,31916.898261,-214.8,56083.5,15511.883282,325736.1,247585.1,115,3,15419.943333,-214.8,54890.6,0.1648826093,0.7600795243
6686,0,224604,36,6239,18.149212868,0,3.52,1328,8930,51313,17.072368421,1,1,0,1,6239.2,0,0,57496.989247,200,109178.4,21234.85601,696151.5,585275.2,93,0,50128.231818,15574.1,131626.2,0.1421948929,0.8407298688
6687,0,87840,24,3660,13.201916496,1,2.77,1597,8598,53921,4.0789473684,1,0,0,5,8796.8,1,1,46318.552941,500,65847.8,20670.977382,102647.8,58800,17,0,57919.481818,42707,45045.2,0.2437389285,0.5728367015
6688,0,8616,24,359,22.239561944,0,3.24,2595,8444,108871,12.236842105,1,0,0,3,8228,0,1,24946.635443,400,45336.9,7487.800518,171809.1,142625.2,79,0,23481.3,13255,39909.8,0.0269838247,0.830138624
6694,0,134784,24,5616,54.71321013,1,6.63,9878,10177,285387,9.4736842105,1,0,0,1,5616.2,0,0,44005.112727,900,112839.2,25288.200975,264674.3,217387.6,55,0,29014.714286,15467,45980.2,0.3663946833,0.8213407145
6695,0,309660,60,5161,38.926762491,1,2.51,3496,8541,121947,4.4736842105,1,0,0,2,14266.2,0,1,40151.711765,1100,70963.2,16132.820182,125708.3,80900,17,0,46864.791667,36524.5,93550.8,0.165498355,0.6435562047
6696,0,89040,60,1484,23.854893908,1,4.01,3460,8909,148545,12.894736842,1,0,0,2,8525,0,1,30045.4,800,46550.2,8832.0792786,164345.4,135039.4,87,0,25425.622727,16890.3,35081.5,0.1268936425,0.8216815215
6698,0,247728,48,5161,16.692676249,0,0.29,85677,12541,1204953,7.0723684211,0,1,0,3,11804.2,0,1,60054.734,200,108390.1,23168.339445,329077.8,257619,50,0,62928.68,24694.4,203101.7,0.0762316185,0.7828520099
6699,0,7656,24,319,31.745379877,1,1.78,1655,9060,78955,12.072368421,1,0,0,2,4027,0,1,46444.639506,600,73069.1,12923.560345,278859.2,242506.2,81,0,46095.010345,32748.6,64539.7,0.0148273933,0.8696371874
6704,0,417060,60,6951,33.916495551,1,2.82,818,8843,45714,18.355263158,1,0,0,3,13140.8,0,1,58445.027027,200,127508.6,25817.735414,432097.1,351118.4,74,0,77032.490909,39322.1,210497.9,0.0990637095,0.8125918628
6705,1,333648,48,6951,21.065023956,1,1.42,6604,10045,177686,10.230263158,1,0,0,3,15729.8,0,1,61748.702062,500,114446.1,26907.013009,665494.9,525255.2,97,0,66892.289474,28420.3,279848.3,0.0745145726,0.7892703772
6712,0,266220,60,4437,30.286105407,1,2.65,1563,8547,70646,17.171052632,1,0,0,4,12286,1,1,34922.88125,900,66744.4,11836.447603,420932.3,382772.2,144,0,36739.037931,17480.8,69357.3,0.1919109346,0.9093440695
6715,0,220620,60,3677,52.848733744,1,2.65,1563,8547,70646,17.138157895,1,0,0,3,12996.3,0,1,36907.45625,1100,70272.7,14352.078379,418400,388217.8,128,0,27952.019231,15102.4,67693.3,0.1629483443,0.9278629831
6721,0,21072,24,878,29.557837098,1,2.38,1003,8114,74062,4.4407894737,1,0,0,3,5206,0,1,21575.686667,1100,33467,9070.8373446,39167.1,8300,15,0,24937.608333,15740.5,23475.1,0.1121896576,0.2119326697
6725,0,265320,36,7370,46.976043806,1,2.51,3496,8541,121947,21.151315789,1,0,0,2,11205,0,1,35566.881081,700,61993.3,9992.5731145,412238.9,376948.6,148,0,33367.165217,21515.8,62303.9,0.3548563642,0.914393779
6726,0,85860,60,1431,40.17522245,1,1.67,2159,8507,88884,14.177631579,1,1,0,2,5834,0,1,30461.404167,1000,44713.5,7824.866629,181800,142433,96,0,38265.67,25906.1,39910.5,0.1075575933,0.7834610371
6727,0,42840,12,3570,60.443531828,0,6.63,9878,10177,285387,8.7171052632,1,0,0,1,3570,0,0,35642.197778,1100,57767.4,9970.089426,160925.8,103158.4,45,0,39270.62,31458.2,54358.6,0.1970140688,0.641033066
6729,0,74688,12,6224,49.11156742,1,1.79,2879,8624,87419,16.315789474,1,0,0,2,19935.3,0,1,48484.624107,1100,104902.4,20930.650934,661350.4,589607.2,112,0,48359.609524,25101.2,94589.8,0.1973934591,0.8915203022
6730,0,93036,12,7753,17.626283368,1,1.6,18721,9897,387570,14.703947368,1,0,0,1,7753.3,0,0,53890.643269,400,104865.3,24474.845484,777279.9,633846,104,0,42535.119355,1694,164113.7,0.1417223232,0.8154670982
6732,0,174048,48,3626,44.219028063,1,1.51,6079,9538,162580,11.348684211,1,1,0,1,3626,0,0,72968.381159,600,127067.6,23455.927264,492928.1,438787.6,69,0,67272.108696,37891.5,82637.8,0.1316298971,0.8901657459
6734,0,173016,36,4806,50.913073238,1,1.42,6604,10045,177686,10.460526316,0,1,0,1,4806.5,0,0,61799.243617,300,123928.2,26512.878935,679597.9,555440,94,0,66464.32963,32950.6,235394.2,0.0612496665,0.817307091
6736,0,288360,60,4806,58.954140999,0,0.29,85677,12541,1204953,3.5197368421,0,0,0,1,4806.5,0,0,33211.76,800,58495.8,16686.231189,64650.4,21200,10,0,36813.066667,11300,63850.4,0.2257984696,0.3279279335
6737,0,76680,24,3195,45.691991786,0,4.09,5623,9893,228848,17.927631579,1,0,0,3,15848,0,1,62933.474825,1000,104676.1,21005.680292,719837.3,601178.8,143,0,56141.305882,27191.2,136325.7,0.0703080129,0.8351595074
6738,1,230220,36,6395,52.246406571,1,4.75,18782,10673,323870,11.710526316,1,0,0,3,15843.8,0,1,27658.487805,-2719.7,130801,29524.489997,297905.8,268241.1,82,3,10382.626667,5952.2,28300.6,0.6778289688,0.9004228839
6745,0,47304,24,1971,23.775496235,0,1.6,4484,9624,197099,16.973684211,1,1,0,2,10121.8,0,1,68740.023353,400,148093,30916.763221,1189194.4,1010233,167,0,85916.630303,21438,323766,0.0182630209,0.8495105178
6746,0,185640,60,3094,35.93155373,1,1.79,2854,8369,112709,9.4736842105,1,0,0,1,3094.5,0,0,29159.441818,400,59523.5,11311.813506,180678.3,116473,55,0,25714.663158,17649.5,37716.5,0.246079614,0.6446449593
6748,0,240900,60,4015,49.437371663,1,3.45,1879,8441,110643,17.532894737,1,0,0,2,12934,0,1,26268.19,700,59731.2,10061.747545,312730.7,292916.8,120,0,23545.963636,9578.3,54236.2,0.2220718595,0.9366424958
6751,0,85716,36,2381,58.036960986,0,2.38,1003,8114,74062,5.0328947368,1,0,0,3,14545.2,0,1,31337.257895,800,52782.7,12288.063007,86717,50200,19,0,37477.758333,28590,50635.1,0.1410597949,0.5788994211
6753,0,67980,12,5665,50.718685832,1,3.51,2247,8512,125832,3.8815789474,1,0,0,1,5665,0,0,34806.921429,400,55705.9,13611.996793,80206,24500,14,0,38336.908333,26754,53352,0.3185268485,0.305472091
6755,0,170700,60,2845,27.063655031,0,2.53,1850,8240,107911,14.210526316,1,0,0,1,2845,0,0,28620.397802,400,56839.2,11546.844224,287644.9,202231.4,91,0,31714.047619,12496.2,61059.3,0.1397752787,0.7030602557
6758,0,33144,12,2762,17.075975359,1,6.63,9878,10177,285387,5.9868421053,1,0,0,4,9154,1,1,32407.646875,900,61770.9,13829.314517,106174.6,74481.6,32,0,35918.728571,18064.2,57187.9,0.1448831895,0.7015039237
6763,0,88272,48,1839,17.968514716,1,0.29,85677,12541,1204953,13.125,1,0,0,2,9196.3,0,1,17535.779221,800,37880.4,9184.8280499,167313.2,160229.8,77,0,10361.19,4608.3,38823,0.142095503,0.9576640835
6764,0,33984,48,708,23.151266256,0,1.6,4484,9624,197099,12.072368421,1,0,0,1,708,0,0,38587.76,600,55077.5,9896.4924459,183167.9,138702.2,70,0,41345.4,27518.7,48131.8,0.0441260793,0.7572420864
6766,0,74352,24,3098,40.824093087,1,0.29,85677,12541,1204953,18.388157895,1,0,0,2,10195,0,1,45497.742063,1100,96165.9,15938.038811,724145,632050.8,126,0,44455.958333,19059.9,111466.4,0.0833771421,0.8728237123
6785,0,125340,60,2089,51.482546201,0,0.29,85677,12541,1204953,15.657894737,0,0,0,2,5801.8,0,1,51145.515748,500,110933.4,22705.182782,624607.4,472959,127,0,49732.786957,19007,47269.7,0.1325712303,0.7572104378
6790,0,76104,24,3171,36.936344969,1,1.29,2719,8544,145688,11.184210526,1,0,0,3,6007,0,1,20237.192593,1000,33813.8,6245.9341283,96510.5,69034.2,81,0,19865.869565,16626.4,22125.9,0.4298903244,0.7153054299
6791,0,566640,60,9444,25.563312799,1,0.29,85677,12541,1204953,10.131578947,1,0,0,5,17216,1,1,36640.322078,200,61992.7,10665.199719,211480.3,181580,77,0,36297.845714,20118.3,71462.8,0.3964413748,0.8586149225
6793,0,186300,60,3105,49.585215606,0,3.79,1562,8288,86513,12.993421053,0,1,0,3,11147.7,0,1,62765.865546,200,170682.8,34244.486548,779547,680857,119,0,84496.8225,20664,331660.3,0.0280857122,0.8734009965
6805,0,45024,48,938,39.474332649,1,6.63,9878,10177,285387,7.0394736842,1,0,0,3,7713,0,1,41994.907692,800,63659.3,13151.510254,170898.6,132514.2,39,0,45380.604167,32022.8,74705.3,0.0376664976,0.775397953
6808,0,227880,36,6330,39.282683094,1,1.6,4484,9624,197099,12.565789474,1,0,0,1,6330.2,0,0,45134.721687,1100,153213.7,29551.483054,365365.3,298460.6,83,0,57112.665,25605.9,102906.5,0.1845310686,0.816883221
6810,0,186384,48,3883,36.93908282,0,6.49,6949,9317,128118,21.217105263,0,0,0,2,8424,0,1,61578.301579,700,129557.3,27339.887469,1146007,939379,190,0,26700.425,18272.2,21070.8,0.5527716881,0.8196975937
6816,1,100224,48,2088,38.735112936,1,6.63,9878,10177,285387,4.1118421053,1,0,0,1,2088,0,0,28124.933333,700,46487.1,9838.6483704,60087.1,28700,18,0,30944.32,21921.4,38195.1,0.163987214,0.4776486526
6817,0,70656,48,1472,44.260095825,0,0.29,85677,12541,1204953,8.9802631579,1,0,0,2,7742,0,1,32646.850943,600,55343.2,12948.761537,148729,126253,53,0,26563.686364,14802.3,45237.6,0.0976114375,0.8488805218
6818,0,155616,48,3242,25.451060917,1,3.8,9672,8994,226122,22.730263158,1,0,0,3,6660,0,1,44197.509884,200,75294.1,11044.494392,451400.8,390706.8,172,0,49720.643478,42463.3,62610.5,0.1553339136,0.865543292
6819,0,50112,24,2088,48.837782341,0,1.51,6079,9538,162580,3.5526315789,1,0,0,4,7106,1,1,46214.125,900,102693.8,27989.629823,116216.9,47600,16,0,57216.125,24620.9,98896,0.0633373442,0.4095840658
6820,0,38148,12,3179,28.459958932,1,0.29,85677,12541,1204953,5.625,1,0,0,4,17612,1,1,37462.093103,900,62324.6,13293.431805,145221.5,89462.6,29,0,41406.252632,24134.8,76960.2,0.1239163652,0.6160450343
6821,0,321936,48,6707,37.207392197,1,0.29,85677,12541,1204953,22.796052632,1,0,0,3,14156,0,1,32014.602809,400,62516.8,11317.701056,406922,344404.8,178,0,50108.225,35471.8,55533.3,0.3623035744,0.8463660201
6824,1,71976,24,2999,31.657768652,0,1.72,4085,9425,161854,17.960526316,0,0,0,1,2999.3,0,0,39870.411278,-8245.1,139580.2,26402.523065,713351.7,608674.3,133,3,40113.941379,15276.1,157515,0.0571172818,0.8532599652
6836,0,189300,60,3155,41.089664613,0,3.38,2212,8757,109164,13.585526316,1,1,0,3,7083,0,1,32354.031373,800,61043.3,12250.079572,273115.4,248563.4,102,0,31853.8,12805.3,66922.8,0.1414252799,0.9101042632
6841,0,172080,48,3585,37.100616016,1,0.56,3810,10124,92084,6.5131578947,1,0,0,1,3585.2,0,0,60743.957143,200,119138.8,21110.311875,267848.9,197558.4,42,0,71833.264,40925.8,165933.3,0.064814028,0.7375750374
6851,1,272220,60,4537,50.924024641,1,2.64,6041,10787,170449,10.526315789,1,0,0,3,16722.3,0,1,36907.373016,-625.1,93792.7,29722.514747,229795.8,218198.4,63,2,8480.935,-625.1,25729.6,0.5289399439,0.9495319343
6852,0,16032,48,334,33.360711841,1,2.8,4340,9272,105058,14.769736842,1,0,0,4,9673,1,1,23124.206612,500,53314.4,8941.4447837,230926.3,200292,121,0,23293.977778,16540.9,42950.8,0.023327389,0.8673422328
6855,0,52236,36,1451,59.665982204,0,3.39,2987,8899,81344,14.605263158,1,0,0,2,6493,0,1,33782.061386,600,48645,7816.654294,160519.4,123086,101,0,38670.409375,28873.9,53824.9,0.0808688431,0.7667997339
6856,0,163332,36,4537,61.418206708,0,2.83,1740,8968,70699,14.572368421,1,0,0,1,4537.3,0,0,29463.690909,600,69553.7,16549.387498,287898.8,207287.6,66,0,24103.110526,2777,53800.7,0.2529751671,0.7200025842
6857,0,69600,48,1450,28.936344969,0,1.6,4484,9624,197099,22.203947368,1,0,0,5,10735,1,1,40349.884862,700,71208.5,10524.344982,428341.8,357132.8,218,0,50716.271429,42627.3,57799.2,0.0752566511,0.8337569816
6859,0,272220,60,4537,57.681040383,1,4.69,2854,8772,124605,11.151315789,1,0,0,4,10919.3,1,1,39041.91875,500,104227.6,24359.7571,306593.3,215984.6,80,0,25337.126667,12546.7,77520,0.1755737007,0.7044671085
6861,0,215040,60,3584,37.661875428,1,1.62,1580,8594,72541,13.256578947,1,0,0,1,3583.7,0,0,37189.771951,1000,74896.6,12651.725211,304774.4,224616.8,82,0,37187.980769,19201.2,76098.8,0.1412844374,0.7369945212
6863,0,127080,60,2118,57.073237509,0,2.28,2080,8390,77917,5.5921052632,1,0,0,4,10591.3,1,1,30060.954167,800,49590.4,11520.184451,75146,54873,24,0,35160.929412,20272.8,45126.5,0.1407948238,0.730222098
6865,1,29448,12,2454,49.199178645,0,3.8,9672,8994,226122,3.9144736842,1,0,0,1,2454.5,0,0,28977.436364,800,43790.6,11482.495155,67390.6,23600,11,0,32784.644444,27917,44500.6,0.1654248196,0.3502068507
6866,0,122472,24,5103,36.599589322,1,6.6,1103,8173,42821,15.296052632,1,0,0,2,18564,0,1,48395.940179,1000,106089.9,20832.4906,716960.9,620631.6,112,0,44301.913333,24436.8,151530,0.101027499,0.8656423723
6868,0,82128,24,3422,29.281314168,0,2.82,818,8843,45714,16.644736842,1,0,0,1,3421.5,0,0,33221.21157,871.3,70376.1,14676.807231,396672.5,235875.2,121,0,22471.423077,871.3,71565.9,0.1434421935,0.5946356386
6871,0,164256,48,3422,24.783025325,0,0.45,3475,9622,75637,15.394736842,1,0,0,1,3421.5,0,0,42341.637755,600,116637.5,19753.539918,407642.3,307046,98,0,28838.222727,20970.1,37890.9,0.270914316,0.7532246942
6872,0,191580,60,3193,31.8275154,1,2.51,3496,8541,121947,5.7894736842,1,0,0,3,6141,0,1,18241.44,900,28098.6,6812.8971661,43977.3,26710.6,30,0,20968.395,14773.6,19942,0.4802707445,0.6073813676
6875,0,83280,48,1735,55.698836413,1,4.46,4147,9065,114006,20.657894737,1,1,0,1,1735,0,0,39962.466187,700,69424.9,10772.622803,365159.8,324113.6,139,0,32444.776923,19798.4,47818.2,0.10884294,0.8875941777
6876,0,86616,12,7218,32.473648186,0,0.45,3475,9622,75637,4.1118421053,1,0,0,3,11733,0,1,25714.046667,800,48353.1,11715.975173,58553.2,21300,15,0,29641.558333,16535.8,42047.2,0.5149559336,0.3637826151
6877,0,285240,60,4754,44.966461328,0,4.75,18782,10673,323870,8.7828947368,1,0,0,2,8348.7,0,1,49699.664815,1100,89240.1,16853.230915,288595.2,198038.4,54,0,46322.768,21279.7,100951.9,0.1412710032,0.6862162426
6878,0,23184,12,1932,17.568788501,1,3.73,3729,8720,161954,10.361842105,1,0,0,1,1932,0,0,36729.801724,200,48344,9960.4102731,99594.2,57093,58,0,42788.684615,35829.4,28667,0.2021625392,0.5732605587
6887,0,39576,12,3298,32.851471595,1,4.09,5623,9893,228848,11.118421053,1,0,0,3,13234.3,0,1,30719.746667,700,64870.4,15914.152245,241881.1,193118.2,75,0,20433.966667,4518.9,59835.6,0.1653447775,0.7984021968
6888,0,39576,12,3298,14.026009582,1,2.8,4340,9272,105058,17.171052632,1,1,0,3,16808.3,0,1,48944.827826,300,103467.2,26896.85414,487779.4,463878.2,115,0,44265.145455,23901.1,60774.2,0.1627913099,0.9510000812
6895,0,41904,12,3492,20.219028063,0,6.63,9878,10177,285387,19.835526316,1,0,0,3,10880.5,0,1,36080.386713,900,129123,20303.81712,500146.8,397354,143,0,53972.154167,33389.7,92542.1,0.113198862,0.7944751531
6903,0,52128,24,2172,34.926762491,1,0.45,3475,9622,75637,8.6842105263,1,1,0,1,2172,0,0,33459.680282,144.2,59944.2,20087.36503,243548.7,139774.8,71,6,37712.9875,2007.4,98457.3,0.0661789574,0.573910787
6908,0,188616,24,7859,58.937713895,0,3.24,2595,8444,108871,19.177631579,1,0,0,2,18099,0,1,45805.5,900,125455,25098.117918,274297,191463.8,63,0,59454.669565,18913.4,97341.9,0.24220067,0.6980174846
6913,0,99936,24,4164,30.828199863,1,0.29,85677,12541,1204953,19.407894737,1,1,0,3,10905,0,1,55851.802632,400,111406.5,25907.89704,623477.9,504861.4,152,0,69045.086667,27450.4,127849.7,0.0977061884,0.8097505786
6919,0,120888,36,3358,50.094455852,1,0.29,85677,12541,1204953,16.315789474,0,0,0,2,6583,0,1,40838.755208,600,116468.4,21557.464543,472459.6,366490,96,0,35122.510526,20849.5,83504.9,0.1206352932,0.7757070113
6921,0,86184,12,7182,56.328542094,1,6.63,9878,10177,285387,7.7960526316,1,1,0,3,10425.5,0,1,59935.271429,300,128146,24799.974038,368574.5,244672.8,42,0,55824.159259,24708.5,130179.9,0.1655056079,0.6638363103
6922,0,83628,36,2323,20.153319644,1,1.6,18721,9897,387570,7.8618421053,1,0,0,1,2322.7,0,0,29077.814706,500,53379.4,10160.935911,125722.8,83843.8,34,0,28840,17292,49194.4,0.1416538272,0.6668968008
6923,0,44640,24,1860,41.262149213,0,3.24,2595,8444,108871,13.717105263,1,0,0,1,1860,0,0,41961.449254,600,65444.3,12613.770886,245815.1,207771.4,67,0,40928.873333,34977.7,35009.7,0.1593707426,0.8452351168
6926,0,374760,60,6246,46.606433949,0,3.33,4355,8746,182027,15.164473684,1,0,0,4,17445.8,1,1,56102.474107,1000,102667.1,20395.429332,624949.8,521049.6,112,0,54598.293333,27769.8,131870.7,0.1420905002,0.8337465925
6929,0,36396,12,3033,22.850102669,0,4.73,3736,8369,127369,22.072368421,0,0,0,2,8152,0,1,57977.03481,800,125887.5,25051.257638,949476.7,899731,158,0,36501.705882,18262.3,70965.3,0.1282121736,0.9476073003
6932,0,225504,48,4698,17.98220397,0,2.26,4289,9920,94725,22.565789474,0,1,0,4,12519,1,1,57411.608287,800,127323.7,22184.525068,1102249.8,914863,181,0,55054.933333,27214.2,154120.3,0.0914462641,0.8299962223
6933,0,188688,48,3931,30.19028063,1,1.6,4484,9624,197099,5.2631578947,1,0,0,2,10733.8,0,1,42203.172727,400,71255.7,20050.278417,131401.4,71317.6,22,0,46644.628571,23579.7,47912.6,0.2461202615,0.5427495997
6934,0,116832,12,9736,48.610540726,1,1.51,2299,9104,103347,9.0460526316,1,0,0,2,14482,0,1,23391.68913,400,40761.2,10577.341912,132622.1,111883,46,0,17013.290909,8187.5,51114.4,0.5713905637,0.8436237729
6938,0,341280,60,5688,47.690622861,0,3.39,2987,8899,81344,13.355263158,1,1,0,1,5688,0,0,49678.366234,700,110020.6,19137.475494,559398.5,412731.4,77,0,50007.833333,21392.1,111817.5,0.1526017144,0.7378133159
6940,0,228276,36,6341,35.394934976,0,0.29,85677,12541,1204953,5.4605263158,1,0,0,1,6341,0,0,41402.135,500,60236.6,14856.81419,98722.6,45014.6,20,0,50075.708333,38848.9,45208.6,0.4207548505,0.4559760787
6942,0,18324,12,1527,46.042436687,1,3.24,2595,8444,108871,14.144736842,1,0,0,2,9846,0,1,31402.283721,700,54764.2,11502.50497,338111.7,306875,86,0,26349.715,11342.8,71477.4,0.0640874981,0.9076145321
6944,0,46176,48,962,30.376454483,0,1.29,2719,8544,145688,5.2960526316,1,0,0,2,10575,0,1,33613.105882,1000,54705.1,13279.637853,92238.1,53513,17,0,40542.390909,29598.5,54855.6,0.0526079776,0.5801661118
6948,0,157068,36,4363,26.704996578,1,0.29,85677,12541,1204953,8.0592105263,1,0,0,2,11596.7,0,1,38742.92381,400,88837.6,23121.177375,127635.2,89000,21,0,35429.2,20514.6,37259.2,0.3512675043,0.697302176
6949,0,104712,24,4363,25.448323066,1,3.52,1328,8930,51313,18.717105263,0,0,0,2,17748.7,0,1,52379.128704,300,119752.3,25655.513654,664119.3,493776,108,0,75969.588,30115.3,149239.5,0.0877028996,0.7435053559
6950,0,104712,24,4363,50.776180698,0,4.75,18782,10673,323870,22.730263158,1,0,0,2,8508.7,0,1,57357.843455,400,147603.2,27075.742058,1155020.5,962333.2,191,0,25018.611765,18723.2,25367.1,0.5159222865,0.8331742742
6955,0,244368,48,5091,25.393566051,0,5.74,2157,8403,114200,16.052631579,0,0,0,1,5091.3,0,0,75924.240972,200,143453.3,25561.827684,1328954.3,1208500,144,0,76882.145455,49624.1,129112.3,0.1182896218,0.9093616618
6956,0,59448,24,2477,40.358658453,0,0.45,3475,9622,75637,16.513157895,1,0,0,1,2476.8,0,0,29114.622581,200,67122.1,14649.678111,290341.2,178375.2,93,0,27808.088889,16828.8,49503,0.1501030178,0.6143653937
6959,1,59448,24,2477,44.996577687,0,6.63,9878,10177,285387,17.730263158,1,0,0,1,2476.8,0,0,45016.690833,-5525,119012.4,28083.258524,665195.3,474585.1,120,6,45878.272222,15457.1,95591.5,0.0777345977,0.7134527056
6960,0,76416,24,3184,57.53045859,0,0.29,85677,12541,1204953,22.006578947,1,0,0,3,17868.3,0,1,31375.160784,8686.4,64494.1,11990.873356,505472.8,448374.8,153,0,24195.021739,10398.7,69875.7,0.1366940141,0.887040634
6961,0,176148,36,4893,32.933607118,1,7.08,2653,8965,85852,4.4407894737,1,0,0,2,10076,0,1,47154.5,1100,83783.4,21431.237856,141192.7,87600,13,0,57236.733333,42096.9,105176.8,0.1395610184,0.6204313649
6962,0,279072,48,5814,28.752908966,0,0.29,85677,12541,1204953,20.098684211,0,0,0,1,5813.5,0,0,43095.511628,300,111246,25143.863475,540704.2,480440,86,0,38484.596552,4498.1,181619.2,0.0960345156,0.8885451814
6965,0,139536,24,5814,53.94934976,1,4.76,2112,8814,117897,18.947368421,1,0,0,2,16534.5,0,1,63889.873939,800,151546.9,30644.157076,1210717.2,1036105.2,165,0,92492.608,36472.9,193032.3,0.0903565306,0.8557781654
6969,0,88200,36,2450,54.198494182,0,4.73,3736,8369,127369,15.197368421,1,0,0,2,6134.2,0,1,37386.856044,1100,60161.5,10470.008388,272827.2,180968.6,91,0,45895.8,33948.1,50951.2,0.1442471867,0.6633097312
6970,0,31620,60,527,57.963039014,0,1.25,5179,11277,112065,8.125,1,0,0,2,9471,0,1,27522.883784,500,45836.3,9910.1866912,128199.9,102319.8,37,0,25911.595,16275.7,47963.5,0.0329605037,0.7981285623
6984,0,116040,60,1934,58.124572211,1,1.6,18721,9897,387570,7.4342105263,1,0,0,3,6956,0,1,29865.189744,900,42494.9,8523.9947364,95276.6,62711.8,39,0,33453.554545,26453.9,37837.4,0.1533281889,0.6582113739
6985,0,113796,36,3161,24.394250513,0,1.6,18721,9897,387570,11.710526316,0,0,0,3,9447.7,0,1,36840.573611,500,58022.1,11410.835423,249344.1,170796,72,0,33576.634783,24011,57313.5,0.1654497396,0.6849823798
6986,1,151728,48,3161,18.614647502,0,4.75,18782,10673,323870,8.9144736842,1,0,0,1,3160.7,0,0,30491.098246,-669.7,82784.6,24000.124998,249499.7,113685.2,57,5,11812.682143,-669.7,60740.2,0.1561162402,0.4556548338
6992,0,133968,48,2791,53.073237509,0,2.52,2564,8363,139012,8.5855263158,1,1,0,4,15482,1,1,46772.31519,200,117458.5,22590.104308,409989.8,310230.2,79,0,41212.238462,20141.1,87897.4,0.0952555392,0.7566784425
6995,0,96168,12,8014,24.238193018,1,1.6,4484,9624,197099,20.263157895,0,1,1,1,8013.7,0,0,50492.688591,600,138010.1,21691.134255,615726.7,528580,149,0,29498.295,3609.3,8487.5,2.8316353572,0.8584655197
6996,0,126600,24,5275,55.783709788,0,1.51,6079,9538,162580,22.796052632,1,0,0,1,5274.7,0,0,47118.993182,400,94043.3,17179.811463,795503.6,630462.8,132,0,43536.94375,17875.8,95416.5,0.1658466037,0.7925331921
6998,0,97632,12,8136,25.886379192,1,1.51,2299,9104,103347,9.9013157895,1,0,0,3,20582,0,1,53379.127692,1100,119900.1,22871.826587,515264.2,432049,65,0,55673.3625,30394.6,146983.5,0.1660560664,0.8385002519
7001,0,300600,60,5010,33.108829569,1,0.65,1029,8561,67298,13.092105263,1,1,0,4,8259.5,1,1,53217.729474,400,104169.8,20909.130855,437579,290508.8,95,0,59283.648,37754.1,106014.2,0.1417694487,0.663901001
7004,0,331560,60,5526,14.702258727,0,1.67,2159,8507,88884,18.782894737,1,1,0,3,13911,0,1,36941.998319,900,71924.6,11038.409512,459626.4,411634.4,119,0,44551.042857,30152.5,67700.9,0.2448603404,0.8955849891
7008,0,36168,12,3014,34.22587269,0,0.29,85677,12541,1204953,6.6447368421,1,0,0,4,15812.5,1,1,39063.766667,300,63738,14039.273387,139338.2,107119.2,36,0,41395.696,25349.1,54856.2,0.1648219442,0.7687728938
7013,0,89340,60,1489,25.089664613,1,3.45,1879,8441,110643,8.7828947368,1,0,0,2,6505,0,1,40005.481818,500,54628.1,10876.871705,123340.5,81113,44,0,45196.505556,36827.8,40971.5,0.109019024,0.6576375348
7034,0,19044,36,529,22.028747433,1,1.39,5198,8991,122603,13.486842105,1,0,0,1,529,0,0,43121.755072,600,64981.1,10532.784888,252799,202631.4,69,0,42942.647059,33942.3,56838.3,0.02791984,0.8015522152
7035,0,210744,36,5854,20.076659822,0,1.6,4484,9624,197099,7.9605263158,1,0,0,2,15005.2,0,1,51175.192308,200,87392.9,20060.06076,317650.9,275247.8,39,0,47068.118182,24442.1,123658,0.1420172892,0.8665107937
7036,0,194940,36,5415,32.235455168,0,1.25,5179,11277,112065,15.394736842,1,0,0,1,5415,0,0,56669.787912,600,138172.6,35314.527845,593514.7,535775.2,91,0,28644.1,19204.5,30572.1,0.5313146973,0.9027161371
7037,0,218064,48,4543,53.508555784,1,0.29,85677,12541,1204953,7.9276315789,1,1,0,3,16324.7,0,1,54315.558974,400,81063.2,14925.629654,220028.9,147089.8,39,0,58256.608333,40179.2,96138.5,0.141759802,0.6685036897
7046,0,91632,12,7636,53.741273101,0,2.38,1003,8114,74062,12.006578947,1,0,0,3,10526,0,1,17625.444286,300,29167.6,6505.1443927,114063.2,99133.2,70,0,12854.612,4358.5,35373.5,0.6475485138,0.8691088001
7049,0,233424,36,6484,37.98220397,0,4.64,5244,9753,149893,8.3552631579,0,0,0,5,18246.7,1,1,54476.857143,200,105024.8,25141.677828,355890.7,308642,49,0,53599.044444,21665.8,136682.2,0.1423124084,0.8672385448
7050,0,311232,48,6484,51.230663929,1,4.73,3736,8369,127369,17.828947368,1,1,0,1,6483.7,0,0,72885.758088,1100,144268.6,27188.600747,1154373.3,956919,136,0,78450.615385,49140.6,224277,0.0867308721,0.8289512336
7051,0,77808,12,6484,42.075290897,0,0.29,85677,12541,1204953,3.8486842105,1,0,0,1,6483.7,0,0,68874.721739,1000,101117.1,26062.875994,168442.2,110743.8,23,0,75717.270588,51089.4,67545.2,0.2879721443,0.6574607939
7055,0,167100,60,2785,23.764544832,1,1.29,2719,8544,145688,11.019736842,1,1,0,1,2784.8,0,0,63707.626582,1100,143605.7,26493.591589,585785.2,488646,79,0,52862.92,20795.2,174121.9,0.0479827986,0.8341729457
7057,0,231696,36,6436,22.302532512,0,0.29,85677,12541,1204953,15.657894737,0,0,0,4,16611,1,1,45873.616667,800,108575.3,20926.369443,692989.9,538168,126,0,41032.62963,23946.7,121633,0.1587359006,0.7765888412
7061,0,121896,24,5079,29.155373032,0,1.88,3659,8743,157042,15.986842105,1,0,0,1,5079,0,0,54422.596774,600,133454.9,21910.827556,636169.6,498931.4,93,0,64089.526923,22951.2,236956.4,0.0643021547,0.7842745326
7066,1,215388,36,5983,34.836413415,0,7.34,4947,10446,119895,5.1315789474,1,0,0,1,5983,0,0,32702.726667,1000,50757,10504.31047,61162.9,30500,15,0,32258.2125,28768.6,10194.3,1.7601718102,0.4986765069
7067,0,136368,24,5682,28.531143053,0,1.1,1089,8620,58400,8.5526315789,1,0,0,2,15216.8,0,1,60593.840678,600,119446.2,21974.28819,470431.6,418532.6,59,0,66757.2875,39363,144774.7,0.117739127,0.8896781388
7072,0,22104,12,1842,32.574948665,1,6.43,5323,9675,125236,12.467105263,1,0,0,3,7913,0,1,44135.943836,700,61159.2,9993.7115937,185282.5,145970.2,73,0,45675.203846,35275.2,47846.2,0.1154878242,0.7878262231
7085,0,305424,48,6363,33.968514716,1,6.63,9878,10177,285387,11.381578947,1,0,0,3,12524.3,0,1,46147.521687,300,120227.9,29670.987964,419423.8,340080.4,83,0,14574.133333,7619.1,25300.5,0.754401565,0.8108280674
7087,0,44304,24,1846,30.64202601,0,7.08,2653,8965,85852,10.328947368,1,0,0,3,6120,0,1,42830.995238,300,58281.2,9857.9589532,166763.1,120317,63,0,47223.527586,36409.1,50658.9,0.1093129156,0.7214862192
7088,0,239160,60,3986,49.839835729,0,0.65,1029,8561,67298,14.375,1,0,0,5,9740.7,1,1,37233.143396,500,77714.9,12741.368624,361337.9,289687,106,0,33064.634483,20959.7,72133,0.1657702118,0.8017072062
7091,0,113436,36,3151,42.22587269,0,2.79,2166,8254,105606,12.631578947,1,1,0,1,3151.3,0,0,68510.417308,200,131410.1,27032.849768,981104.6,806446,104,0,65504.275,29656.1,219831.3,0.0430005691,0.8219777769
7096,0,37812,12,3151,33.171800137,1,0.65,1029,8561,67298,16.085526316,1,0,0,2,17952.3,0,1,54062.079231,900,126763.3,25528.823087,969767,800533,130,0,50752.757143,23945.8,128882.6,0.0733441129,0.8254902203
7097,1,75624,24,3151,35.47980835,0,1.6,18721,9897,387570,6.4473684211,1,0,0,1,3151.3,0,0,50009.908696,400,89754.8,20688.418049,175155,133200,23,0,55333.05,36309.2,94164.5,0.1003849523,0.7604706661
7100,0,348120,60,5802,35.501711157,1,6.6,1103,8173,42821,12.993421053,1,1,0,1,5802.3,0,0,58819.487692,600,111159.5,22066.350641,508230.4,362316.8,65,0,56158.266667,31863.6,122325.1,0.1422894658,0.7128992817
7101,0,421008,48,8771,43.383983573,0,1.42,6604,10045,177686,10,1,1,0,2,18673,0,1,37436.422,600,72330.4,12359.209052,228633.1,197465,50,0,34281.73,21042.4,65092,0.4042245948,0.8636769406
7104,0,259740,60,4329,14.453114305,0,4.09,5623,9893,228848,5.0986842105,1,0,0,2,16742.8,0,1,45198.152941,800,79633.5,19487.239666,144433.5,77214,17,0,54402.881818,35539.4,91612.2,0.1417559532,0.5346021899
7110,0,31260,12,2605,29.557837098,0,3.33,5796,9198,159617,21.513157895,1,0,0,2,9347,0,1,25084.423664,1000,46698.9,8521.249763,261214.5,247282.2,131,0,17397.568182,8465.3,36246.9,0.2155868016,0.9466635785
7115,0,88704,48,1848,36.673511294,1,1.79,2879,8624,87419,22.039473684,1,0,0,2,6258,0,1,18675.060305,800,32019.4,5238.6093862,186934,173502.8,131,0,14666.635,9953.6,26519.2,0.2090324332,0.9281504266
7119,0,86880,12,7240,56.919917864,1,1.51,2299,9104,103347,11.381578947,1,1,0,1,7240,0,0,56531.817241,500,106368.8,24247.686646,502310.5,418502.2,58,0,61625.188235,34356.5,130993.1,0.1658064629,0.8331547257
7121,0,21924,36,609,33.360711841,0,1.88,3659,8743,157042,9.7697368421,1,0,0,2,6871,0,1,34272.213333,1100,60432.4,10171.031846,158586.5,109503,45,0,36219.476471,29854.8,43896.4,0.0416178809,0.6904957831
7122,1,260640,36,7240,47.51266256,1,1.1,1089,8620,58400,16.118421053,1,0,0,5,20064,1,1,31518.182051,-718.6,88731.8,20629.925861,276276.4,257855.8,78,1,14551.683333,-718.6,23957.6,0.9064881514,0.9333257081
7129,0,194280,60,3238,28.665297741,0,0.29,85677,12541,1204953,14.013157895,1,1,0,5,7595,1,1,48180.377876,300,77920.1,13378.644687,372115,341476,113,0,47438.7,30476,86749.4,0.1119738474,0.9176627718
7130,0,123408,24,5142,32.446269678,0,7.34,4947,10446,119895,12.631578947,0,1,1,5,20024,1,1,28359.255385,700,85626.9,17185.363855,192349.2,183992,65,0,17693.263636,5466.5,52516.9,0.2937172386,0.9565521637
7136,0,54396,36,1511,57.245722108,0,3.45,1879,8441,110643,6.2828947368,1,0,0,1,1511,0,0,30293.708696,800,42308.8,10625.946393,62423.4,26214.6,23,0,36564.064286,30259.3,25374.4,0.1786234996,0.4199575807
7137,0,151560,24,6315,40.922655715,0,3.51,2247,8512,125832,6.3815789474,1,1,1,2,16449,0,1,53976.292857,300,97912.7,22844.006165,247759.3,166563.2,28,0,54678.988889,21323.2,114373.2,0.1656376064,0.6722796186
7138,0,60000,60,1000,49.004791239,0,2.28,2080,8390,77917,21.644736842,1,0,0,3,5910,0,1,24643.283942,400,39393.9,5853.9288867,184336.5,167458.2,137,0,23706.421739,16810.3,26053.1,0.1151361869,0.9084380552
7139,0,23412,12,1951,42.562628337,0,3.8,9672,8994,226122,19.835526316,1,1,0,2,5185,0,1,54304.508527,800,88158.1,14228.947499,530829.5,478263,129,0,63281.35,46468,84444.1,0.0693096625,0.9009730978
7142,1,482940,60,8049,18.466803559,1,0.29,85677,12541,1204953,15.690789474,1,0,0,4,15830,1,1,26358.754615,900,57707.2,9885.4777247,273163.9,254724.6,130,0,19420.57,2036.4,59752.3,0.4040980465,0.93249755
7147,0,267600,48,5575,39.507186858,1,6.63,9878,10177,285387,22.302631579,0,0,0,1,5575.3,0,0,62460.226786,200,137673.6,31861.593318,736200.9,702530,112,0,62666.426667,11562.7,187004,0.0894351548,0.9542640409
7151,0,133800,24,5575,56.635181383,0,3.83,3804,8754,107870,13.322368421,1,0,0,3,15011.3,0,1,45733.435484,300,83556.1,20414.419945,461096,354155.4,93,0,52885.757576,30243.8,153481.7,0.1089685161,0.768073529
7154,0,417600,60,6960,26.431211499,0,1.88,3659,8743,157042,13.421052632,0,1,1,1,6959.8,0,0,43196.744118,200,87052.1,18631.358323,168039,109400,34,0,43947.1,27507.9,36092.5,0.5784654597,0.6510414187
7164,0,249792,48,5204,33.122518823,0,1.88,3659,8743,157042,9.3421052632,1,1,0,1,5204.2,0,0,58128.031111,700,94979.3,22774.886855,359540.6,252673,45,0,47440.888235,17279.3,122908.3,0.1270184271,0.702767079
7166,0,198240,24,8260,38.978781656,0,3.32,6445,9832,118650,5.2631578947,1,0,0,2,15563,0,1,30953.14375,300,51947.2,13022.421614,78047.2,42703,16,0,38053.13,30387,45764.2,0.5414357881,0.5471490694
7167,0,269964,36,7499,18.965092402,1,1.12,1874,8427,93931,11.217105263,1,1,0,2,18551.7,0,1,61366.869333,400,120646.8,22661.358296,588205,453626.2,75,0,70997.691304,34274.3,158288.6,0.1421237766,0.771204646
7168,0,208332,36,5787,18.009582478,1,1.67,2159,8507,88884,18.453947368,1,0,0,2,9527,0,1,64087.070161,500,134634.4,23975.578534,965295.2,881364.4,124,0,68109.217391,27088.8,173111.1,0.1002864585,0.9130517659
7171,0,196224,48,4088,47.65229295,0,4.73,3736,8369,127369,5.5263157895,1,1,1,2,14444,0,1,72465.669565,300,135473.2,30856.626329,306750.3,226070.6,23,0,81262.866667,38478.6,165326.6,0.0741790944,0.7369866077
7172,0,45720,12,3810,19.849418207,1,0.29,85677,12541,1204953,13.651315789,1,0,0,3,7462,0,1,41690.6,700,87185.5,16927.388703,424726.3,347099.4,86,0,35254.218182,17217.6,90777.2,0.1259085131,0.8172311975
7176,0,260028,36,7223,19.323750856,0,0.45,3475,9622,75637,22.664473684,1,1,0,3,21322.2,0,1,50676.819876,200,124900.7,20993.628045,1042331.3,854813.2,161,0,56046.945455,32611.2,130794.9,0.1656677974,0.8200975831
7181,0,197808,24,8242,35.255304586,1,0.29,85677,12541,1204953,4.1118421053,1,1,0,2,14911.8,0,1,64942.893333,900,111796.9,28961.92974,224283.1,180400,15,0,72927.463636,43638.2,149193.8,0.1657274151,0.804341458
7187,0,24180,60,403,59.482546201,0,3.33,5796,9198,159617,17.565789474,1,0,0,5,4058,1,1,78724.209701,1100,97336.5,16373.293144,416751.8,327630.2,134,0,83366.793103,64270.5,78192.8,0.0154611885,0.7861523666
7189,0,154656,48,3222,39.72073922,0,5.93,4980,8678,161227,14.934210526,1,0,0,2,7088.5,0,1,31791.32809,1000,61782,10868.943277,314688.7,247216,89,0,27462.772727,15087.7,58337.9,0.1656813659,0.7855897413
7192,0,115992,36,3222,57.472963723,0,3.52,1328,8930,51313,20.164473684,0,1,0,3,11449.5,0,1,25666.407087,200,107692,17591.05595,399447.5,326928,127,0,35015.873077,9669.5,99016.4,0.0976172346,0.8184509392
7194,0,68832,36,1912,37.215605749,0,0.29,85677,12541,1204953,10.855263158,1,0,0,2,7347,0,1,37557.054717,700,61939.6,12288.790411,233238.4,181697.6,53,0,33333.342105,12758.1,58457.3,0.098117868,0.7790218977
7195,0,339168,48,7066,55.811088296,1,1.79,2854,8369,112709,9.6052631579,1,0,0,2,10794,0,1,28634.139216,1000,41024,8016.80696,105918.7,77241,51,0,31120.425,25120.5,38153.6,0.5555526436,0.7292505549
7198,0,45768,12,3814,17.144421629,1,3.8,9672,8994,226122,9.0131578947,0,0,0,1,3813.7,0,0,32555.818519,800,78327.5,14361.643031,103427.6,49000,27,0,40484.354545,28255.3,57059.9,0.2005155714,0.4737664437
7199,0,45768,12,3814,53.440109514,0,5.38,4063,8819,138032,14.703947368,1,0,0,4,17756.7,1,1,59138.441781,900,150977.5,25823.684558,855021.9,703808.8,146,0,60405.542857,31449.7,147786.3,0.0774210312,0.8231473099
7200,0,31140,60,519,21.026694045,0,4.73,3736,8369,127369,10.723684211,1,0,0,1,519,0,0,28375.804,800,37613.5,7195.0057615,81614.9,44987.6,50,0,31982.575,20442.1,22777.5,0.0683479291,0.5512234748
7201,0,67464,12,5622,61.683778234,0,6.43,5323,9675,125236,11.809210526,1,0,0,1,5622.5,0,0,48557.380702,600,92407.6,19396.025621,441078.6,361102.2,57,0,43944.459091,23859.8,101705.5,0.1658268483,0.818680347
7202,0,140688,48,2931,56.908966461,0,1.12,1874,8427,93931,13.684210526,1,0,0,1,2931,0,0,54575.398824,300,140245.8,28027.564719,491261.3,398860.6,85,0,48567.20625,15923,32757.7,0.2684008583,0.8119116814
7209,1,385560,60,6426,41.415468857,0,4.83,2123,8187,102609,13.947368421,1,0,0,1,6426.3,0,0,29028.266102,700,66054.9,19243.809939,235902.5,225487.6,59,0,19416.041176,3909.2,70949.1,0.2717044316,0.9558510154
7213,0,113544,36,3154,53.620807666,0,5.74,2157,8403,114200,11.776315789,1,0,0,3,8888,0,1,33990.419718,700,68048.1,12325.831191,235792.1,201640.2,71,0,27106.060714,13386.8,52075.7,0.1816865628,0.8551615802
7219,0,57120,48,1190,39.145790554,0,2.8,4340,9272,105058,9.0460526316,1,1,0,3,5811,0,1,41985.620408,1000,53271.2,9814.2406382,102785.5,60023.4,49,0,45273.926087,39204.5,32572.5,0.1095915642,0.5839716305
7220,0,131292,36,3647,40.073921971,0,0.29,85677,12541,1204953,13.980263158,0,0,0,2,10959,0,1,36635.115663,1000,70288.4,12494.312333,344177.4,307590,83,0,32362.22,19705.6,79184.8,0.1381652224,0.8936964086
7221,0,152460,60,2541,46.945927447,1,2.47,1822,8554,88757,15.822368421,0,0,0,5,13697.8,1,1,20874.116102,600,52438,9790.9256937,272392.7,256757,118,0,18095.880769,4835.2,42151.1,0.1808365023,0.9425988927
7226,0,197748,36,5493,23.649555099,1,2.77,1597,8598,53921,5.3618421053,1,0,0,2,13010,0,1,44735.43125,300,74413.6,19635.357674,135994.6,92700,16,0,54845.4,38197.6,85038.3,0.1937764357,0.6816470533
7227,0,314520,60,5242,40.254620123,1,2.79,2166,8254,105606,15.921052632,0,0,0,2,15714,0,1,63527.42,500,128119.4,28698.379826,1011187.1,930754,130,0,83352.939394,49714.6,352443.6,0.0446195253,0.9204568369
7230,0,18720,60,312,36.752908966,0,2.47,1822,8554,88757,8.125,1,1,0,1,312,0,0,40748.345238,300,58660.4,11470.114893,118526.6,74218.4,42,0,44042.769565,34253.7,38856.3,0.0240868981,0.6261782066
7233,0,115812,36,3217,43.485284052,0,1.12,1874,8427,93931,19.243421053,1,0,0,1,3216.7,0,0,56646.516129,1100,119527.2,21971.162852,844304.3,704048.2,124,0,59849.416667,30080.5,62176.1,0.1552129252,0.8338798773
7235,0,154416,48,3217,24.284736482,1,2.83,1740,8968,70699,5.7894736842,0,0,0,1,3216.7,0,0,46715.8,8897,81723.5,20286.965558,182543.8,102020,32,0,44006.817647,20149.5,65420.2,0.1475164773,0.558881984
7240,0,274740,60,4579,15.184120465,0,3.79,1562,8288,86513,6.7105263158,0,1,0,3,14834,0,1,57188.211111,600,122893.1,25256.665817,276327.1,235214,27,0,60804.547059,40960.1,148499.9,0.092503244,0.851216362
7241,1,168984,24,7041,18.672142368,0,0.29,85677,12541,1204953,18.782894737,1,0,0,1,7040.7,0,0,56053.9975,-517.7,120806.4,28355.360158,920743.1,826567.8,160,2,25496.136364,7438.4,27476.1,0.7686932978,0.8977182694
7242,0,48096,24,2004,39.312799452,0,2.8,4340,9272,105058,14.934210526,0,0,0,2,5803.2,0,1,33044.015663,800,51009.5,8252.7134973,220800.9,126790,83,0,36817.657895,23227.9,36510.9,0.1646496266,0.5742296602
7243,0,217152,36,6032,21.42642026,0,3.8,9672,8994,226122,10.164473684,1,1,0,2,14467.8,0,1,49107.066667,400,109774.3,18394.513785,382143,314903.6,57,0,51617.4,35225.6,109214,0.1656884917,0.8240469561
7246,0,148920,60,2482,19.137577002,0,3.24,2595,8444,108871,6.6118421053,0,0,0,2,13988,0,1,32435.319355,400,63289.9,15220.651263,129036.6,90978,31,0,33213.23,10145.2,63797.9,0.1167068176,0.7050580606
7249,0,69360,48,1445,52.947296372,0,1.79,2854,8369,112709,14.802631579,1,0,0,1,1445,0,0,33857.10641,1100,52365,9598.2528519,204511.1,165846,78,0,38736.294118,33781.2,41927.6,0.1033851173,0.8109397928
7250,0,119136,48,2482,33.675564682,1,4.46,4147,9065,114006,21.085526316,1,0,0,1,2482,0,0,42572.410084,1100,97010.1,16541.337598,422817.1,328777.4,119,0,42937.86,26808.1,64010.5,0.1163192139,0.7775882821
7253,0,98304,12,8192,26.819986311,0,1.12,1874,8427,93931,17.532894737,1,1,0,1,8191.5,0,0,66405.070796,300,125191.7,25389.78427,974628.6,812289.8,113,0,75396.438889,41314.3,150820.9,0.1629449974,0.8334353892
7255,0,213300,60,3555,41.941136208,1,1.62,1580,8594,72541,5.9539473684,1,0,0,2,10216,0,1,37524.886364,800,64468.6,14909.062932,159192.3,121475.6,22,0,40783.815385,18548.7,85340.7,0.1249652874,0.7630760842
7259,0,108144,36,3004,30.587268994,1,3.24,2595,8444,108871,8.4210526316,1,0,0,2,7740.5,0,1,54652.898182,900,123863.4,25585.47226,386925,365003.6,55,0,38051.142857,21421.3,4432.6,2.0317431689,0.9433447222
7262,0,182628,36,5073,34.666666667,0,5.38,4063,8819,138032,4.6710526316,1,0,0,2,8337,0,1,33229.107692,500,52246,14579.421767,76660.9,31000,13,0,41278.255556,30008.4,54624.8,0.2785944153,0.4043860118
7263,0,89880,24,3745,32.553045859,0,6.63,9878,10177,285387,5.0657894737,0,1,0,1,3744.7,0,0,62571.282759,800,116004.2,27471.975,215539.5,176460,29,0,72420.6,38260.8,139358.1,0.0806179056,0.8186906869
7264,0,44940,12,3745,21.267624914,1,0.29,85677,12541,1204953,7.8289473684,0,1,0,1,3744.7,0,0,52484.8225,200,106467,27425.065485,299037,179820,40,0,58747.052632,26611.2,112818.8,0.0995818184,0.6013316033
7271,0,392460,60,6541,16.254620123,1,3.83,3804,8754,107870,22.302631579,1,1,0,2,16351.2,0,1,57131.740559,900,115913.4,20293.36348,947723,775842.8,143,0,60785.361905,39777.4,118399.5,0.1657312979,0.8186389708
7277,0,89280,12,7440,50.316221766,0,0.29,85677,12541,1204953,8.5855263158,1,0,0,3,17452.5,0,1,60522.040385,900,109529.5,20954.263773,427133.2,310935.4,52,0,55362.008333,25705.7,134673.1,0.1657309649,0.7279595031
7279,0,155760,24,6490,49.445585216,1,5.75,4650,8705,133777,10.953947368,1,0,0,2,18644.5,0,1,51964.019277,200,108538.5,24707.291006,589384,436994.8,83,0,54747.103448,13171.8,197776.2,0.0984431123,0.7414437083
7284,0,52788,12,4399,20.20807666,0,3.13,1845,9045,58796,8.0263157895,1,0,0,3,7512,0,1,22198.17907,1000,41469.1,6652.6429563,90384.8,69355.8,43,0,20615.732,14716.8,33615.7,0.3925493847,0.7673417727
7286,0,67320,36,1870,24.585900068,0,3.85,2616,9307,95616,16.414473684,1,0,0,4,10558.3,1,1,26491.78018,200,43949.4,7217.6961031,217974.4,198216.6,111,0,28170.008,18557.5,44198.1,0.1269199183,0.9093576615
7292,0,317460,60,5291,23.394934976,0,4.83,2123,8187,102609,16.414473684,1,0,0,3,11923.8,0,1,64978.072414,700,135890.4,26748.860366,1078955.9,952666.4,145,0,69975.835714,37772.5,235155.1,0.0674992696,0.8829522291
7294,0,39168,24,1632,19.241615332,1,2.26,4289,9920,94725,11.414473684,1,0,0,2,5325,0,1,55438.851852,300,81495.6,14622.737828,246464.9,184345.6,54,0,59078.405,41811.2,61708.2,0.0793373002,0.7479598598
7295,0,280440,60,4674,46.045174538,1,1.6,18721,9897,387570,20.394736842,1,0,0,1,4674,0,0,38619.10283,1000,102466.2,17484.955759,447002.3,365719,106,0,46576.221053,20382.2,61359.6,0.228510526,0.818159508
7304,0,419880,60,6998,50.327173169,1,0.29,85677,12541,1204953,5.1315789474,0,0,0,2,17884,0,1,59352.833333,200,104039.9,27879.396857,232190.5,207486,18,0,63637.333333,24404.4,126981.5,0.1653272644,0.8936029097
7305,0,54024,12,4502,28.098562628,0,4.76,2112,8814,117897,22.203947368,1,1,0,3,9274.3,0,1,36480.185034,1000,81705.8,15469.988113,652932.4,615586.8,147,0,30656.454545,9673.5,94967.7,0.1422122823,0.9428033548
7308,0,129408,24,5392,34.491444216,1,5.77,3244,8110,106054,14.473684211,1,0,0,5,10687,1,1,30869.781308,1000,56055.6,11709.142375,255541,231341.4,107,0,26710.448276,14716.8,56748.5,0.2850321137,0.9053008899
